id,name,area,urban,agriculture,forest,unproductive
1,Aeugst am Albis,7.9,12.6,51.3,30.9,5.2
2,Affoltern am Albis,10.6,30.8,40.1,28.2,0.9
3,Bonstetten,7.5,15.6,55.4,28.6,0.4
4,Hausen am Albis,13.7,12.6,55.8,29.0,2.6
5,Hedingen,6.5,19.9,46.2,33.2,0.6
6,Kappel am Albis,7.8,8.3,70.0,20.6,1.1
7,Knonau,6.5,18.0,62.2,17.2,2.6
8,Maschwanden,4.7,9.0,59.6,23.7,7.7
9,Mettmenstetten,13.1,15.9,64.2,18.6,1.2
10,Obfelden,7.6,24.2,49.3,21.3,5.2
11,Ottenbach,5.0,20.9,55.2,19.9,4.0
12,Rifferswil,6.6,10.4,64.8,22.7,2.1
13,Stallikon,12.0,11.1,38.1,49.8,1.1
14,Wettswil am Albis,3.8,40.8,34.0,21.0,4.2
21,Adlikon,6.6,11.0,63.7,22.7,2.6
22,Benken (ZH),5.7,8.1,57.7,33.9,0.4
23,Berg am Irchel,7.1,5.0,48.2,45.3,1.6
24,Buch am Irchel,10.1,6.8,55.0,38.1,0.0
25,Dachsen,2.7,31.6,48.3,13.0,7.1
26,Dorf,5.5,12.5,46.4,41.0,0.2
27,Feuerthalen,2.5,42.8,11.2,44.0,2.0
28,Flaach,10.2,8.4,50.9,33.7,7.0
29,Flurlingen,2.4,22.9,17.1,56.7,3.3
30,Andelfingen,6.7,15.8,46.0,32.9,5.2
31,Henggart,3.1,22.9,56.2,19.9,1.0
32,Humlikon,3.7,9.5,62.5,27.7,0.3
33,Kleinandelfingen,10.3,13.2,50.1,32.8,3.8
34,Laufen-Uhwiesen,6.3,12.5,39.4,44.6,3.5
35,Marthalen,14.2,11.8,47.2,39.2,1.8
36,Oberstammheim,9.4,8.5,53.7,37.4,0.3
37,Ossingen,13.1,9.3,56.3,29.3,5.1
38,Rheinau,8.9,11.6,26.3,54.8,7.3
39,Thalheim an der Thur,6.4,9.0,65.5,21.4,4.0
40,Trüllikon,9.6,8.7,61.7,29.3,0.3
41,Truttikon,4.4,6.3,64.8,28.4,0.5
42,Unterstammheim,7.3,11.3,51.6,36.5,0.7
43,Volken,3.3,5.8,64.8,29.4,0.0
44,Waltalingen,7.3,7.6,62.8,28.8,0.8
51,Bachenbülach,4.3,23.8,34.0,39.2,3.0
52,Bassersdorf,9.0,30.7,37.6,30.9,0.8
53,Bülach,16.1,29.9,30.7,39.1,0.3
54,Dietlikon,4.2,47.4,21.3,30.6,0.7
55,Eglisau,9.1,17.4,34.1,41.2,7.3
56,Embrach,12.7,20.3,32.7,45.2,1.8
57,Freienstein-Teufen,8.3,9.7,38.7,49.5,2.2
58,Glattfelden,12.3,19.6,45.5,31.9,3.0
59,Hochfelden,6.2,9.6,42.4,44.9,3.1
60,Höri,4.8,19.1,58.9,12.6,9.4
61,Hüntwangen,4.9,23.9,42.2,32.0,1.8
62,Kloten,19.3,43.3,29.9,25.6,1.1
63,Lufingen,5.2,15.2,47.6,36.6,0.6
64,Nürensdorf,10.1,22.0,46.7,31.3,0.0
65,Oberembrach,10.2,6.9,58.5,34.3,0.3
66,Opfikon,5.6,62.2,20.0,15.5,2.3
67,Rafz,10.7,16.7,49.8,33.4,0.1
68,Rorbas,4.5,15.5,34.5,46.9,3.1
69,Wallisellen,6.5,56.7,21.4,20.9,1.1
70,Wasterkingen,3.9,7.4,49.2,43.1,0.3
71,Wil (ZH),9.0,15.3,53.2,30.2,1.3
72,Winkel,8.1,21.5,44.0,27.5,7.0
81,Bachs,9.2,6.0,49.0,44.5,0.5
82,Boppelsen,3.9,12.5,40.3,45.9,1.3
83,Buchs (ZH),5.9,26.2,46.8,25.9,1.2
84,Dällikon,4.5,23.9,42.4,32.6,1.1
85,Dänikon,2.8,19.3,47.1,31.4,2.1
86,Dielsdorf,5.9,34.9,33.4,29.8,1.9
87,Hüttikon,1.6,15.0,48.8,36.3,0.0
88,Neerach,6.0,19.2,61.8,5.7,13.3
89,Niederglatt,3.6,33.1,55.3,7.8,3.9
90,Niederhasli,11.3,21.6,55.3,21.2,1.9
91,Niederweningen,6.9,14.1,46.1,39.1,0.7
92,Oberglatt,8.2,31.2,49.7,10.6,8.5
93,Oberweningen,4.9,10.7,33.8,55.3,0.2
94,Otelfingen,7.2,25.1,36.8,37.2,1.0
95,Regensberg,2.4,9.2,34.0,55.5,1.3
96,Regensdorf,14.6,31.9,42.1,23.8,2.3
97,Rümlang,12.5,29.3,46.5,21.4,2.8
98,Schleinikon,5.7,6.7,49.2,43.5,0.5
99,Schöfflisdorf,4.0,11.5,42.4,45.9,0.3
100,Stadel,12.9,11.3,57.3,30.5,0.9
101,Steinmaur,9.5,13.7,56.4,29.3,0.6
102,Weiach,9.6,11.9,34.6,50.1,3.4
111,Bäretswil,22.2,8.6,49.6,39.3,2.5
112,Bubikon,11.6,21.0,60.5,12.4,6.1
113,Dürnten,10.2,22.6,59.3,16.7,1.5
114,Fischenthal,30.2,4.6,32.5,61.7,1.3
115,Gossau (ZH),18.3,19.0,66.4,14.1,0.5
116,Grüningen,8.8,16.1,61.6,20.0,2.3
117,Hinwil,22.3,19.6,51.8,26.7,1.8
118,Rüti (ZH),10.1,29.6,34.6,33.9,1.9
119,Seegräben,3.8,16.2,48.3,16.7,18.8
120,Wald (ZH),25.2,13.0,52.9,33.2,1.0
121,Wetzikon (ZH),16.7,31.4,39.0,16.6,13.0
131,Adliswil,7.8,45.9,20.9,31.2,2.1
132,Hirzel,9.7,11.3,66.1,17.9,4.6
133,Horgen,21.1,21.8,26.4,49.3,2.6
134,Hütten,7.2,5.5,54.0,36.2,4.3
135,Kilchberg (ZH),2.6,74.2,24.2,1.2,0.4
136,Langnau am Albis,8.7,25.2,25.8,47.5,1.5
137,Oberrieden,2.8,43.0,11.9,42.2,2.9
138,Richterswil,7.6,41.2,50.7,7.2,0.9
139,Rüschlikon,2.9,59.6,17.8,21.9,0.7
140,Schönenberg (ZH),11.0,10.2,76.5,11.0,2.4
141,Thalwil,5.5,60.3,14.9,22.7,2.2
142,Wädenswil,17.4,30.9,58.6,8.9,1.6
151,Erlenbach (ZH),3.0,54.4,20.6,24.3,0.7
152,Herrliberg,9.0,23.3,52.3,23.7,0.7
153,Hombrechtikon,12.2,21.5,57.6,14.5,6.4
154,Küsnacht (ZH),12.3,33.8,34.1,31.2,0.9
155,Männedorf,4.8,46.5,29.7,23.4,0.4
156,Meilen,11.9,28.9,45.4,24.2,1.5
157,Oetwil am See,6.1,22.9,64.4,12.2,0.5
158,Stäfa,8.6,38.7,41.8,18.2,1.3
159,Uetikon am See,3.5,43.3,40.2,16.0,0.6
160,Zumikon,5.5,43.8,28.6,27.2,0.4
161,Zollikon,7.9,41.7,20.4,37.9,0.0
171,Bauma,20.8,9.3,35.8,53.3,1.5
172,Fehraltorf,9.5,19.1,52.7,26.9,1.3
173,Hittnau,13.0,13.1,48.1,37.3,1.5
174,Illnau-Effretikon,25.3,18.1,51.3,29.3,1.2
175,Kyburg,7.6,4.5,32.6,61.4,1.6
176,Lindau,11.9,23.0,41.8,34.8,0.4
177,Pfäffikon,19.5,17.5,42.2,22.8,17.4
178,Russikon,14.3,12.3,50.2,36.1,1.3
179,Sternenberg,8.7,4.4,39.1,56.1,0.3
180,Weisslingen,12.8,11.5,42.8,44.5,1.3
181,Wila,9.2,10.1,37.1,49.7,3.1
182,Wildberg,10.6,8.6,51.3,36.4,3.7
191,Dübendorf,13.6,43.2,35.5,20.3,1.0
192,Egg,14.5,18.8,57.2,23.0,1.0
193,Fällanden,6.4,32.4,36.3,27.5,3.7
194,Greifensee,2.3,47.6,33.5,9.0,9.9
195,Maur,14.8,22.4,51.5,25.4,0.6
196,Mönchaltorf,7.6,18.6,65.5,11.4,4.5
197,Schwerzenbach,2.7,41.4,37.6,6.4,14.7
198,Uster,28.5,28.8,40.7,26.7,3.7
199,Volketswil,14.0,36.9,37.5,24.1,1.6
200,Wangen-Brüttisellen,7.9,30.2,43.7,25.5,0.5
211,Altikon,7.7,6.1,68.4,19.9,5.6
213,Brütten,6.7,10.1,59.8,29.9,0.2
214,Dägerlen,8.0,7.8,66.6,25.2,0.4
215,Dättlikon,2.9,10.7,42.8,43.8,2.8
216,Dinhard,7.1,10.6,68.6,19.9,0.8
217,Elgg,15.6,12.4,45.6,41.5,0.6
218,Ellikon an der Thur,5.0,12.4,67.2,20.0,0.4
219,Elsau,8.0,19.0,55.8,24.5,0.6
220,Hagenbuch,8.2,9.8,61.3,28.4,0.5
221,Hettlingen,5.8,17.1,59.1,22.8,1.0
222,Hofstetten (ZH),8.9,4.5,49.3,46.1,0.1
223,Neftenbach,15.1,15.6,53.7,29.8,0.9
224,Pfungen,5.0,24.8,31.9,41.1,2.2
225,Rickenbach (ZH),6.1,15.8,59.9,22.9,1.3
226,Schlatt (ZH),9.1,6.5,46.6,45.6,1.3
227,Seuzach,7.6,31.1,43.4,25.0,0.5
228,Turbenthal,25.2,7.2,34.7,57.3,0.9
230,Winterthur,68.1,33.6,24.8,40.5,1.1
231,Zell (ZH),13.0,14.0,41.2,42.4,2.3
241,Aesch (ZH),5.2,9.2,57.5,33.1,0.2
242,Birmensdorf (ZH),11.4,24.5,36.8,37.4,1.2
243,Dietikon,9.3,50.3,16.3,26.8,6.6
244,Geroldswil,1.9,47.9,20.0,24.2,7.9
245,Oberengstringen,2.1,50.5,20.1,25.2,4.2
246,Oetwil an der Limmat,2.8,20.6,36.5,38.3,4.7
247,Schlieren,6.5,51.7,17.6,29.2,1.5
248,Uitikon,4.4,30.8,36.5,32.6,0.0
249,Unterengstringen,3.4,42.7,27.9,25.5,3.9
250,Urdorf,7.6,34.5,32.2,32.2,1.1
251,Weiningen (ZH),5.4,28.9,31.9,38.3,0.9
261,Zürich,87.9,61.9,10.1,26.2,1.7
298,Wiesendangen,19.1,16.0,61.0,22.9,0.2
301,Aarberg,7.9,23.5,44.3,29.5,2.7
302,Bargen (BE),7.9,7.0,70.5,18.6,3.9
303,Grossaffoltern,15.1,10.9,62.3,26.0,0.8
304,Kallnach,15.2,7.9,69.0,19.8,3.3
305,Kappelen,10.9,10.9,73.9,14.3,0.8
306,Lyss,14.9,32.3,34.5,32.7,0.5
307,Meikirch,10.3,9.4,64.0,26.5,0.1
309,Radelfingen,14.7,6.7,57.8,31.5,4.0
310,Rapperswil (BE),20.4,8.3,64.5,26.9,0.3
311,Schüpfen,19.8,10.8,55.8,32.9,0.5
312,Seedorf (BE),20.9,7.7,59.6,32.4,0.3
321,Aarwangen,9.9,15.0,45.6,36.2,3.2
322,Auswil,4.6,5.0,83.5,11.3,0.2
323,Bannwil,4.8,8.8,46.3,39.6,5.3
324,Bleienbach,5.7,8.3,57.1,33.0,1.6
325,Busswil bei Melchnau,2.8,6.0,52.8,41.2,0.0
326,Gondiswil,9.4,5.9,69.3,24.4,0.4
329,Langenthal,17.3,29.6,32.0,38.2,0.2
331,Lotzwil,6.2,15.4,47.4,37.1,0.2
332,Madiswil,23.2,7.1,62.8,29.8,0.3
333,Melchnau,10.4,7.7,57.1,35.0,0.2
334,Obersteckholz,3.9,5.6,66.5,27.9,0.0
335,Oeschenbach,3.9,5.1,64.4,30.0,0.5
336,Reisiswil,2.0,5.1,64.5,29.9,0.5
337,Roggwil (BE),7.8,25.7,45.3,28.1,0.9
338,Rohrbach,4.1,16.0,63.3,20.2,0.5
339,Rohrbachgraben,6.5,2.9,69.1,27.8,0.2
340,Rütschelen,4.0,7.0,56.1,36.8,0.0
341,Schwarzhäusern,3.8,10.4,52.5,34.1,2.9
342,Thunstetten,9.7,19.7,53.7,26.1,0.4
344,Ursenbach,9.1,5.8,62.9,31.1,0.2
345,Wynau,5.1,17.8,37.3,39.6,5.3
351,Bern,51.6,45.1,19.0,33.6,2.4
352,Bolligen,16.6,12.4,43.3,44.0,0.3
353,Bremgarten bei Bern,1.9,46.3,32.4,16.5,4.8
354,Kirchlindach,11.9,8.5,66.9,23.7,0.9
355,Köniz,51.1,18.4,50.5,30.8,0.4
356,Muri bei Bern,7.7,49.5,26.1,21.8,2.5
357,Oberbalm,12.4,4.6,74.3,20.9,0.2
358,Stettlen,3.6,22.3,51.0,26.5,0.3
359,Vechigen,24.8,8.5,60.8,30.4,0.2
360,Wohlen bei Bern,36.2,8.3,54.7,32.7,4.3
361,Zollikofen,5.4,42.0,44.2,12.6,1.3
362,Ittigen,4.2,60.3,24.5,14.3,1.0
363,Ostermundigen,6.0,42.6,31.8,25.4,0.2
371,Biel/Bienne,21.3,45.4,8.0,45.3,1.3
372,Evilard,3.6,29.4,30.2,40.4,0.0
381,Arch,6.4,15.9,51.3,27.3,5.5
382,Büetigen,3.6,9.9,62.7,26.5,0.8
383,Büren an der Aare,12.6,11.7,46.2,34.4,7.6
385,Diessbach bei Büren,6.3,7.8,59.9,32.3,0.0
386,Dotzigen,4.2,14.9,55.7,26.1,3.3
387,Lengnau (BE),7.3,21.9,39.6,36.3,2.2
388,Leuzigen,10.3,11.3,45.6,39.8,3.3
389,Meienried,0.7,3.0,70.1,16.4,10.4
390,Meinisberg,4.5,14.8,54.2,24.9,6.1
391,Oberwil bei Büren,6.7,8.5,55.9,35.7,0.0
392,Pieterlen,8.3,19.6,31.1,47.2,2.0
393,Rüti bei Büren,6.5,9.5,49.1,37.8,3.5
394,Wengi,7.1,7.6,72.9,16.7,2.7
401,Aefligen,2.1,22.4,69.3,3.4,4.9
402,Alchenstorf,6.6,7.7,60.3,31.7,0.3
403,Bäriswil,2.8,11.9,45.8,41.5,0.7
404,Burgdorf,15.6,31.4,25.1,40.8,2.7
405,Ersigen,8.7,9.5,58.6,31.7,0.2
406,Hasle bei Burgdorf,21.9,7.7,58.8,32.6,0.9
407,Heimiswil,23.4,5.0,61.1,33.7,0.2
408,Hellsau,1.5,6.6,70.2,23.2,0.0
409,Hindelbank,6.7,16.4,60.9,22.2,0.6
410,Höchstetten,2.6,7.3,71.9,20.0,0.8
411,Kernenried,3.3,14.8,60.2,23.8,1.2
412,Kirchberg (BE),9.1,21.2,44.6,32.5,1.7
413,Koppigen,6.9,17.2,59.0,23.1,0.7
414,Krauchthal,19.4,7.0,42.6,49.7,0.6
415,Lyssach,6.1,14.7,53.0,31.4,1.0
416,Mötschwil,2.9,5.5,64.0,30.5,0.0
417,Niederösch,4.6,5.0,68.4,26.6,0.0
418,Oberburg,14.2,10.5,55.7,33.2,0.6
419,Oberösch,2.1,5.2,60.4,34.4,0.0
420,Rüdtligen-Alchenflüh,2.7,30.7,61.5,5.9,1.9
421,Rumendingen,2.5,8.5,58.9,31.0,1.6
422,Rüti bei Lyssach,1.3,6.1,82.6,11.4,0.0
423,Willadingen,2.2,4.6,67.6,27.9,0.0
424,Wynigen,28.2,5.6,56.7,37.4,0.2
431,Corgémont,17.6,5.9,54.9,38.8,0.5
432,Cormoret,13.5,3.3,54.1,42.2,0.4
433,Cortébert,14.8,3.2,49.1,47.6,0.1
434,Courtelary,22.1,4.5,51.6,43.7,0.2
435,La Ferrière,14.2,3.7,62.2,33.8,0.4
436,La Heutte,8.1,9.2,24.8,65.0,1.0
437,Mont-Tramelan,4.7,2.8,59.5,37.7,0.0
438,Orvin,21.6,4.8,37.5,57.1,0.6
439,Péry,15.7,9.2,22.9,66.8,1.1
441,Renan (BE),12.6,5.9,60.0,33.6,0.5
442,Romont (BE),7.0,3.1,38.0,58.6,0.3
443,Saint-Imier,20.9,9.4,49.4,40.5,0.7
444,Sonceboz-Sombeval,15.0,7.5,33.4,58.4,0.7
445,Sonvilier,23.8,4.5,60.8,34.4,0.3
446,Tramelan,24.9,8.8,58.5,31.5,1.2
448,Villeret,16.3,4.0,45.3,49.9,0.8
449,Sauge,13.5,5.8,34.6,59.5,0.1
491,Brüttelen,6.6,7.1,69.9,22.4,0.6
492,Erlach,3.5,15.4,44.6,28.1,11.9
493,Finsterhennen,3.6,11.2,71.4,16.0,1.4
494,Gals,7.9,8.1,53.0,33.8,5.2
495,Gampelen,10.8,10.7,56.9,25.1,7.3
496,Ins,23.9,9.5,66.7,21.0,2.8
497,Lüscherz,5.4,7.7,44.6,46.0,1.7
498,Müntschemier,4.9,18.6,77.9,1.8,1.6
499,Siselen,5.5,7.1,73.8,18.6,0.5
500,Treiten,4.7,8.2,73.0,17.1,1.7
501,Tschugg,3.3,10.8,44.0,44.9,0.3
502,Vinelz,4.6,13.8,51.0,35.0,0.2
532,Bangerten,2.2,6.4,61.8,31.8,0.0
533,Bätterkinden,10.1,15.5,58.2,24.2,2.1
535,Deisswil bei Münchenbuchsee,2.1,14.1,60.6,25.4,0.0
536,Diemerswil,2.8,6.0,74.0,19.9,0.0
538,Fraubrunnen,32.0,7.6,63.1,28.8,0.5
540,Jegenstorf,13.5,12.0,63.5,23.5,1.0
541,Iffwil,5.0,8.0,55.5,36.6,0.0
543,Mattstetten,3.8,15.3,49.9,33.8,1.1
544,Moosseedorf,6.3,30.5,30.2,35.9,3.3
546,Münchenbuchsee,8.9,34.3,38.4,27.0,0.3
551,Urtenen-Schönbühl,7.2,20.3,44.4,30.3,5.0
552,Utzenstorf,17.0,12.7,59.4,26.9,1.1
553,Wiggiswil,1.4,16.8,68.5,12.6,2.1
554,Wiler bei Utzenstorf,3.8,15.3,53.2,30.5,1.1
556,Zielebach,1.9,8.9,40.3,48.7,2.1
557,Zuzwil (BE),3.5,7.5,66.4,25.9,0.3
561,Adelboden,88.2,2.5,41.4,18.2,37.9
562,Aeschi bei Spiez,30.9,5.1,46.4,27.5,21.0
563,Frutigen,71.8,4.6,53.5,26.6,15.4
564,Kandergrund,32.0,4.3,32.8,36.9,26.0
565,Kandersteg,134.5,1.0,13.3,11.8,74.0
566,Krattigen,6.0,10.6,37.3,50.7,1.3
567,Reichenbach im Kandertal,125.8,2.3,39.3,24.5,33.9
571,Beatenberg,29.2,4.2,32.9,53.7,9.2
572,Bönigen,15.1,6.2,16.5,57.5,19.9
573,Brienz (BE),48.0,4.5,38.6,33.6,23.2
574,Brienzwiler,17.6,2.9,30.8,33.5,32.7
575,Därligen,6.9,5.8,19.7,66.0,8.5
576,Grindelwald,171.1,1.8,28.9,16.4,52.9
577,Gsteigwiler,7.0,4.4,22.5,65.0,8.1
578,Gündlischwand,16.9,1.7,32.4,39.9,26.1
579,Habkern,51.1,1.3,39.4,49.9,9.4
580,Hofstetten bei Brienz,8.7,4.5,29.7,43.7,22.2
581,Interlaken,4.4,46.6,24.1,22.2,7.1
582,Iseltwald,21.9,2.3,31.4,47.8,18.5
584,Lauterbrunnen,164.4,1.4,22.4,17.5,58.7
585,Leissigen,10.4,5.9,31.3,52.0,10.8
586,Lütschental,12.4,1.9,22.5,47.5,28.1
587,Matten bei Interlaken,6.0,20.9,21.1,56.4,1.5
588,Niederried bei Interlaken,4.3,7.2,21.4,55.0,16.3
589,Oberried am Brienzersee,20.0,2.4,38.4,43.5,15.7
590,Ringgenberg (BE),8.7,11.7,19.5,64.4,4.5
591,Saxeten,19.2,1.4,40.6,31.7,26.4
592,Schwanden bei Brienz,7.1,5.0,10.5,49.6,34.9
593,Unterseen,14.1,15.3,18.1,60.0,6.6
594,Wilderswil,13.5,10.0,19.7,57.4,12.9
602,Arni (BE),10.4,5.6,68.7,25.6,0.1
603,Biglen,3.6,21.2,72.6,6.1,0.0
605,Bowil,14.7,5.1,55.0,39.5,0.4
606,Brenzikofen,2.2,8.6,53.8,37.1,0.5
607,Freimettigen,2.9,5.8,64.2,30.0,0.0
608,Grosshöchstetten,3.4,25.0,57.0,18.0,0.0
609,Häutligen,3.0,3.6,68.8,27.6,0.0
610,Herbligen,2.7,11.7,47.8,40.1,0.4
611,Kiesen,4.7,17.8,52.7,26.5,3.0
612,Konolfingen,12.8,14.5,66.4,19.1,0.1
613,Landiswil,10.3,5.0,62.3,32.4,0.3
614,Linden,13.3,6.3,60.5,32.8,0.5
615,Mirchel,2.4,13.1,76.3,10.6,0.0
616,Münsingen,12.2,26.4,56.8,15.7,1.1
617,Niederhünigen,5.4,6.1,51.5,42.4,0.0
619,Oberdiessbach,16.5,8.7,52.3,38.8,0.2
620,Oberthal,10.6,5.4,62.7,32.0,0.0
622,Oppligen,3.4,12.1,54.7,32.1,1.2
623,Rubigen,7.0,20.9,53.5,19.7,5.9
624,Schlosswil,3.5,8.9,70.3,20.7,0.0
625,Tägertschi,3.6,5.3,78.9,15.8,0.0
626,Walkringen,17.2,7.5,55.1,37.1,0.3
627,Worb,21.0,15.7,62.8,21.0,0.5
628,Zäziwil,5.4,9.6,64.0,26.5,0.0
629,Oberhünigen,6.0,3.5,38.8,57.1,0.7
630,Allmendingen,3.8,9.8,65.3,21.4,3.4
632,Wichtrach,11.6,13.1,63.4,22.3,1.1
661,Clavaleyres,1.0,4.1,79.6,16.3,0.0
662,Ferenbalm,9.2,11.4,67.9,19.0,1.7
663,Frauenkappelen,9.3,6.8,42.2,41.0,10.0
664,Golaten,2.8,8.3,51.4,20.5,19.8
665,Gurbrü,1.8,19.1,71.0,9.8,0.0
666,Kriechenwil,4.8,5.5,54.4,39.9,0.2
667,Laupen,4.1,25.7,39.0,30.1,5.1
668,Mühleberg,26.3,9.2,53.3,32.8,4.6
669,Münchenwiler,2.5,11.7,66.0,21.1,1.2
670,Neuenegg,22.0,9.0,52.3,38.0,0.7
671,Wileroltigen,4.1,6.6,62.0,28.7,2.7
681,Belprahon,3.8,7.3,39.8,52.3,0.5
682,Bévilard,5.8,12.3,40.0,47.6,0.2
683,Champoz,7.2,2.9,46.5,50.5,0.1
684,Châtelat,4.2,2.6,54.8,42.1,0.5
687,Corcelles (BE),6.8,2.4,41.4,56.2,0.0
690,Court,24.6,4.6,34.3,60.0,1.0
691,Crémines,9.5,5.4,42.1,52.3,0.3
692,Eschert,6.6,4.1,40.0,55.5,0.5
694,Grandval,8.2,4.2,44.4,50.7,0.7
696,Loveresse,4.8,5.4,46.0,47.5,1.0
697,Malleray,10.2,9.1,47.8,42.8,0.2
699,Monible,3.4,1.5,49.3,48.4,0.9
700,Moutier,19.6,13.9,29.8,54.8,1.5
701,Perrefitte,8.6,3.9,30.3,65.5,0.2
702,Pontenet,2.7,6.3,48.9,44.8,0.0
703,Reconvilier,8.2,12.9,44.9,42.1,0.1
704,Roches (BE),9.1,3.9,23.4,71.5,1.2
706,Saicourt,13.8,4.3,44.7,49.9,1.0
707,Saules (BE),4.3,3.8,43.2,52.8,0.2
708,Schelten,5.5,2.0,38.4,59.4,0.2
709,Seehof,8.4,2.3,33.3,63.8,0.6
710,Sornetan,5.7,3.2,45.8,50.4,0.7
711,Sorvilier,6.8,3.5,46.1,49.3,1.2
712,Souboz,10.6,1.8,38.5,59.3,0.4
713,Tavannes,14.8,10.9,48.1,40.9,0.1
715,Rebévelier,3.6,0.6,59.7,39.7,0.0
723,La Neuveville,6.8,18.4,18.5,62.7,0.4
724,Nods,26.6,3.0,45.0,51.6,0.3
726,Plateau de Diesse,25.6,6.9,48.8,44.2,0.1
731,Aegerten,2.2,29.2,37.5,28.2,5.1
732,Bellmund,3.8,14.7,52.0,33.1,0.3
733,Brügg,5.0,34.3,29.5,31.5,4.6
734,Bühl,3.0,7.0,88.9,3.4,0.7
735,Epsach,3.4,6.5,77.7,14.1,1.8
736,Hagneck,1.8,12.7,66.3,12.7,8.3
737,Hermrigen,3.5,7.5,50.1,42.0,0.3
738,Jens,4.6,7.4,69.6,22.8,0.2
739,Ipsach,1.9,50.5,45.3,3.7,0.5
740,Ligerz,1.8,12.9,32.0,51.1,3.9
741,Merzligen,2.3,10.6,72.1,16.8,0.4
742,Mörigen,2.2,21.3,59.3,16.7,2.8
743,Nidau,1.5,84.2,0.0,3.9,11.8
744,Orpund,4.0,20.8,39.2,37.5,2.5
745,Port,2.4,41.2,25.5,29.2,4.1
746,Safnern,5.6,17.8,43.5,33.7,5.0
747,Scheuren,2.1,10.5,55.7,25.7,8.1
748,Schwadernau,4.1,10.2,74.3,14.6,1.0
749,Studen (BE),2.7,42.2,38.9,18.1,0.7
750,Sutz-Lattrigen,3.6,21.3,44.0,31.6,3.0
751,Täuffelen,4.4,23.4,59.8,10.7,6.1
754,Walperswil,7.0,9.6,76.8,7.7,5.9
755,Worben,2.8,29.4,62.4,7.5,0.7
756,Twann-Tüscherz,12.4,8.1,24.0,64.9,3.0
761,Därstetten,32.8,2.7,46.2,39.9,11.2
762,Diemtigen,130.0,1.7,48.0,30.4,19.9
763,Erlenbach im Simmental,36.7,3.5,50.6,38.0,8.0
766,Oberwil im Simmental,46.0,2.5,51.5,33.8,12.1
767,Reutigen,11.3,4.5,46.8,45.3,3.4
768,Spiez,16.8,31.4,35.9,29.8,2.9
769,Wimmis,22.3,7.7,28.9,47.0,16.4
770,Stocken-Höfen,14.2,4.4,45.5,38.5,11.5
782,Guttannen,200.7,0.5,3.8,9.4,86.3
783,Hasliberg,41.7,3.2,52.6,32.2,12.0
784,Innertkirchen,236.6,0.7,12.0,18.4,68.8
785,Meiringen,40.7,7.5,43.6,32.6,16.3
786,Schattenhalb,31.5,2.2,26.6,39.3,31.9
791,Boltigen,77.0,2.4,53.0,35.4,9.2
792,Lenk,123.0,2.0,36.4,23.0,38.6
793,St. Stephan,60.9,2.4,50.6,31.9,15.1
794,Zweisimmen,73.2,3.4,54.9,33.7,8.1
841,Gsteig,62.4,1.4,37.1,36.2,25.3
842,Lauenen,58.7,1.3,38.1,25.0,35.6
843,Saanen,119.7,4.6,51.3,35.3,8.9
852,Guggisberg,54.9,3.0,52.5,39.5,5.0
853,Rüschegg,57.4,3.0,41.5,49.7,5.8
855,Schwarzenburg,44.8,7.8,62.2,27.9,2.1
861,Belp,23.3,14.2,57.5,26.0,2.3
863,Burgistein,7.5,9.7,76.4,13.1,0.8
865,Gelterfingen,3.5,5.5,69.7,24.2,0.6
866,Gerzensee,7.8,8.9,67.3,20.2,3.6
867,Gurzelen,4.5,6.7,80.0,13.1,0.2
868,Jaberg,1.3,18.8,53.1,23.4,4.7
869,Kaufdorf,2.1,20.0,64.3,14.3,1.4
870,Kehrsatz,4.4,21.2,54.6,22.3,1.8
872,Kirchdorf (BE),6.1,11.5,68.2,17.9,2.5
873,Kirchenthurnen,1.3,11.9,77.0,10.3,0.8
874,Lohnstorf,1.8,6.6,90.7,1.6,1.1
875,Mühledorf (BE),2.3,7.0,87.3,5.2,0.4
876,Mühlethurnen,2.9,19.5,72.3,7.5,0.7
877,Niedermuhlern,7.2,6.1,75.8,18.1,0.0
878,Noflen,2.7,5.8,80.7,13.5,0.0
879,Riggisberg,29.9,5.4,42.9,51.0,0.7
880,Rüeggisberg,35.7,4.3,64.3,29.6,1.8
881,Rümligen,4.7,7.5,75.5,16.6,0.4
883,Seftigen,3.9,15.9,66.4,16.9,0.8
884,Toffen,4.9,17.1,63.0,19.5,0.4
885,Uttigen,3.8,15.1,54.6,28.6,1.6
886,Wattenwil,14.5,7.8,40.8,49.6,1.7
888,Wald (BE),13.3,6.3,74.5,19.2,0.0
901,Eggiwil,60.3,3.5,53.7,41.1,1.7
902,Langnau im Emmental,48.5,7.6,49.8,42.0,0.7
903,Lauperswil,21.1,7.6,56.3,35.4,0.7
904,Röthenbach im Emmental,36.8,3.3,43.6,52.5,0.6
905,Rüderswil,17.2,7.2,68.1,23.7,1.0
906,Schangnau,36.5,2.1,53.2,35.7,9.0
907,Signau,22.1,8.0,55.2,35.8,1.1
908,Trub,62.0,2.3,40.5,56.1,1.1
909,Trubschachen,15.6,4.9,51.1,42.7,1.3
921,Amsoldingen,4.7,7.5,60.6,22.0,10.0
922,Blumenstein,15.5,3.9,48.4,39.9,7.9
923,Buchholterberg,15.3,6.3,57.8,35.0,1.0
924,Eriz,21.8,2.8,45.3,44.9,7.1
925,Fahrni,6.7,5.1,66.9,26.7,1.3
927,Heiligenschwendi,5.6,7.4,48.7,43.4,0.5
928,Heimberg,5.4,33.4,29.9,34.5,2.2
929,Hilterfingen,2.8,41.2,8.6,48.7,1.4
931,Homberg,6.5,4.3,63.4,32.1,0.2
932,Horrenbach-Buchen,20.4,1.3,50.1,39.5,9.1
934,Oberhofen am Thunersee,2.8,27.4,19.9,51.6,1.1
935,Oberlangenegg,9.1,4.6,45.6,49.1,0.8
936,Pohlern,9.9,1.9,37.2,45.1,15.8
937,Schwendibach,1.5,10.6,68.9,20.5,0.0
938,Sigriswil,55.4,4.7,39.3,47.1,8.9
939,Steffisburg,13.5,27.4,42.3,29.1,1.2
940,Teuffenthal (BE),4.6,3.1,46.4,49.9,0.7
941,Thierachern,7.5,12.3,66.4,17.2,4.0
942,Thun,21.6,49.8,27.9,20.0,2.2
943,Uebeschi,4.4,7.3,89.5,2.5,0.7
944,Uetendorf,10.2,20.9,71.1,7.9,0.2
945,Unterlangenegg,6.8,8.7,70.6,19.7,1.0
946,Wachseldorn,3.5,5.1,70.1,24.6,0.3
947,Zwieselberg,2.4,9.9,63.4,26.3,0.4
948,Forst-Längenbühl,4.5,8.4,67.7,20.8,3.1
951,Affoltern im Emmental,11.5,7.6,72.5,19.8,0.1
952,Dürrenroth,14.0,5.6,70.9,23.1,0.3
953,Eriswil,11.3,6.4,67.2,26.2,0.2
954,Huttwil,17.3,13.6,64.4,21.9,0.1
955,Lützelflüh,26.9,9.1,65.4,24.7,0.8
956,Rüegsau,15.1,8.6,67.4,23.1,0.9
957,Sumiswald,59.4,5.1,47.9,46.2,0.7
958,Trachselwald,16.0,4.6,56.5,38.3,0.6
959,Walterswil (BE),7.9,5.0,73.8,21.2,0.0
960,Wyssachen,11.8,6.6,70.6,22.4,0.3
971,Attiswil,7.6,11.0,53.1,35.2,0.7
972,Berken,1.4,11.4,52.9,30.0,5.7
973,Bettenhausen,4.0,9.8,66.4,23.0,0.8
975,Farnern,3.7,4.4,65.5,30.1,0.0
976,Graben,3.2,6.9,52.7,36.6,3.8
977,Heimenhausen,5.8,11.7,52.8,34.8,0.7
978,Hermiswil,1.1,5.7,58.1,35.2,1.0
979,Herzogenbuchsee,9.8,27.1,37.7,34.4,0.8
980,Inkwil,3.4,13.0,48.8,35.8,2.4
981,Niederbipp,17.5,15.1,47.0,37.5,0.3
982,Niederönz,2.8,16.5,53.2,29.5,0.7
983,Oberbipp,8.5,13.0,46.9,39.5,0.7
985,Ochlenberg,12.1,4.3,63.0,32.5,0.2
987,Rumisberg,5.2,8.1,50.2,40.9,0.8
988,Seeberg,15.8,6.4,58.7,34.0,0.9
989,Thörigen,4.5,11.2,51.8,36.6,0.4
990,Walliswil bei Niederbipp,1.4,16.0,54.2,19.4,10.4
991,Walliswil bei Wangen,3.1,11.7,50.8,33.6,3.9
992,Wangen an der Aare,5.2,22.3,41.5,28.0,8.3
993,Wangenried,2.9,7.9,67.6,23.4,1.0
995,Wiedlisbach,7.6,20.9,48.1,28.3,2.6
996,Wolfisberg,2.4,5.8,42.8,51.4,0.0
1001,Doppleschwand,7.0,5.7,55.5,36.2,2.6
1002,Entlebuch,57.0,3.7,49.5,42.8,4.0
1004,Flühli,108.1,2.5,44.5,38.3,14.7
1005,Hasle (LU),40.3,3.2,49.1,39.5,8.1
1007,Romoos,37.3,2.1,35.8,60.9,1.2
1008,Schüpfheim,38.5,5.3,59.3,33.2,2.3
1009,Werthenstein,15.7,8.3,58.6,30.7,2.4
1010,Escholzmatt-Marbach,106.4,2.9,47.3,46.5,3.3
1021,Aesch (LU),4.7,11.4,66.1,18.9,3.6
1022,Altwis,2.9,7.2,63.1,29.7,0.0
1023,Ballwil,8.7,13.3,74.6,11.8,0.3
1024,Emmen,20.3,38.2,42.2,17.6,2.1
1025,Ermensee,5.7,8.8,54.2,36.3,0.7
1026,Eschenbach (LU),13.2,11.1,73.0,14.8,1.1
1030,Hitzkirch,24.6,10.0,66.2,23.3,0.4
1031,Hochdorf,9.6,26.1,62.0,10.4,1.5
1032,Hohenrain,23.4,6.1,74.4,19.1,0.4
1033,Inwil,10.3,12.4,69.6,16.1,1.9
1037,Rain,9.4,10.4,73.1,16.5,0.0
1039,Römerswil,16.7,7.9,76.0,15.6,0.5
1040,Rothenburg,15.5,17.8,65.7,16.0,0.5
1041,Schongau,12.5,5.9,68.2,25.4,0.5
1051,Adligenswil,7.0,23.7,50.8,23.5,2.0
1052,Buchrain,4.8,32.8,43.0,16.5,7.7
1053,Dierikon,2.8,17.7,56.7,23.4,2.1
1054,Ebikon,9.7,33.5,36.1,23.2,7.1
1055,Gisikon,1.1,27.3,47.3,20.0,5.5
1056,Greppen,3.3,13.3,47.9,38.2,0.6
1057,Honau,1.3,12.8,65.6,19.2,2.4
1058,Horw,12.8,28.7,29.3,41.2,0.8
1059,Kriens,27.3,19.9,28.4,50.5,1.2
1061,Luzern,29.1,47.6,28.0,22.3,2.1
1062,Malters,28.6,11.0,62.9,24.4,1.7
1063,Meggen,7.3,34.3,43.6,21.9,0.3
1064,Meierskappel,6.8,10.2,63.0,26.7,0.1
1065,Root,8.6,20.1,48.5,26.7,4.6
1066,Schwarzenberg,39.2,3.0,36.4,54.6,5.9
1067,Udligenswil,6.3,10.4,65.0,23.5,1.1
1068,Vitznau,8.9,7.5,33.6,54.3,4.6
1069,Weggis,11.8,17.5,42.8,38.1,1.6
1081,Beromünster,42.2,9.1,68.9,21.5,0.5
1082,Büron,5.4,17.4,64.6,16.3,1.7
1083,Buttisholz,16.8,8.3,72.9,16.6,2.1
1084,Eich,5.9,16.6,63.8,19.5,0.0
1085,Geuensee,6.4,12.6,72.8,14.6,0.0
1086,Grosswangen,19.7,7.1,77.2,15.2,0.6
1088,Hildisrieden,7.0,19.3,69.0,11.7,0.0
1089,Knutwil,9.8,12.5,67.6,19.8,0.1
1091,Mauensee,7.2,7.5,67.8,17.0,7.7
1093,Neuenkirch,25.5,11.0,68.7,19.9,0.4
1094,Nottwil,10.3,14.3,75.7,9.0,1.1
1095,Oberkirch,9.1,22.0,64.6,12.1,1.3
1097,Rickenbach (LU),11.8,11.7,56.9,31.3,0.1
1098,Ruswil,45.3,7.0,71.8,20.7,0.5
1099,Schenkon,6.8,17.6,64.8,16.7,0.9
1100,Schlierbach,7.2,6.5,62.0,31.4,0.1
1102,Sempach,9.0,20.7,63.9,14.1,1.3
1103,Sursee,5.9,51.9,25.4,21.5,1.2
1104,Triengen,22.1,10.6,64.1,24.9,0.4
1107,Wolhusen,14.3,9.3,57.1,31.8,1.8
1121,Alberswil,3.6,8.4,72.2,18.0,1.4
1122,Altbüron,6.8,9.6,60.5,29.4,0.6
1123,Altishofen,5.7,12.0,48.6,38.3,1.0
1125,Dagmersellen,23.9,11.9,52.6,33.9,1.5
1126,Ebersecken,8.6,4.1,78.4,17.1,0.5
1127,Egolzwil,4.2,17.5,57.8,23.5,1.2
1128,Ettiswil,12.5,10.6,71.0,17.4,1.0
1129,Fischbach,8.1,5.6,80.6,13.4,0.4
1130,Gettnau,6.0,10.5,52.5,36.2,0.8
1131,Grossdietwil,10.2,6.5,71.2,22.2,0.1
1132,Hergiswil bei Willisau,31.3,4.6,58.2,36.4,0.8
1135,Luthern,37.9,3.8,48.3,46.5,1.3
1136,Menznau,30.4,6.2,58.6,34.3,0.9
1137,Nebikon,3.7,23.9,35.1,39.9,1.1
1139,Pfaffnau,17.6,9.7,65.0,24.5,0.7
1140,Reiden,27.0,11.4,51.1,37.0,0.6
1142,Roggliswil,6.2,6.3,66.1,27.1,0.5
1143,Schötz,15.4,10.8,67.6,19.9,1.7
1145,Ufhusen,12.3,5.5,73.3,21.0,0.2
1146,Wauwil,2.9,21.1,68.4,10.5,0.0
1147,Wikon,8.3,9.7,38.8,51.4,0.1
1150,Zell (LU),13.9,10.3,67.2,21.6,0.9
1151,Willisau,41.2,8.0,63.5,27.7,0.8
1201,Altdorf (UR),10.2,24.5,34.2,39.3,2.0
1202,Andermatt,62.2,1.5,40.3,6.0,52.1
1203,Attinghausen,46.8,1.7,34.4,18.6,45.3
1204,Bauen,3.8,5.0,12.4,73.4,9.2
1205,Bürglen (UR),53.1,2.4,53.4,20.5,23.7
1206,Erstfeld,59.2,3.7,10.5,30.9,54.8
1207,Flüelen,12.4,6.4,23.9,58.1,11.6
1208,Göschenen,104.1,0.8,6.5,12.9,79.8
1209,Gurtnellen,83.4,1.3,11.6,28.8,58.3
1210,Hospental,35.0,1.4,30.4,11.0,57.2
1211,Isenthal,61.0,0.8,28.0,27.1,44.0
1212,Realp,78.0,0.8,38.7,3.1,57.4
1213,Schattdorf,16.3,13.0,32.3,40.9,13.8
1214,Seedorf (UR),15.5,5.6,17.3,42.5,34.5
1215,Seelisberg,13.3,4.7,32.7,51.2,11.4
1216,Silenen,144.8,0.9,12.9,20.3,65.9
1217,Sisikon,16.3,1.3,33.8,46.7,18.3
1218,Spiringen,64.7,1.3,37.9,18.9,41.9
1219,Unterschächen,80.3,0.8,38.7,11.3,49.2
1220,Wassen,97.0,1.1,11.5,22.8,64.6
1301,Einsiedeln,99.1,5.9,47.1,44.2,2.8
1311,Gersau,14.4,6.7,39.6,51.6,2.1
1321,Feusisberg,17.5,10.9,47.4,40.2,1.5
1322,Freienbach,13.8,33.3,38.6,23.7,4.4
1323,Wollerau,6.3,30.6,53.3,13.9,2.2
1331,Küssnacht (SZ),29.5,16.5,55.8,26.4,1.3
1341,Altendorf,20.5,10.6,51.3,37.6,0.6
1342,Galgenen,13.3,10.7,50.3,37.9,1.1
1343,Innerthal,50.2,0.6,33.5,34.3,31.6
1344,Lachen,2.4,66.3,23.3,6.3,4.2
1345,Reichenburg,11.6,8.9,55.4,34.2,1.6
1346,Schübelbach,29.0,7.2,47.4,42.8,2.7
1347,Tuggen,13.6,13.5,61.0,21.8,3.8
1348,Vorderthal,28.0,2.1,35.8,59.1,3.0
1349,Wangen (SZ),8.5,25.6,59.9,10.4,4.1
1361,Alpthal,22.9,1.7,31.3,63.9,3.1
1362,Arth,42.1,9.7,40.6,44.6,5.1
1363,Illgau,10.9,3.5,62.3,31.5,2.7
1364,Ingenbohl,13.5,18.0,28.6,48.9,4.5
1365,Lauerz,9.2,4.2,44.7,35.4,15.7
1366,Morschach,20.8,4.1,51.5,37.1,7.3
1367,Muotathal,172.2,1.0,33.2,23.5,42.3
1368,Oberiberg,32.8,2.1,50.1,39.1,8.6
1369,Riemenstalden,11.2,0.6,50.9,26.9,21.6
1370,Rothenthurm,22.8,4.2,43.2,48.6,4.0
1371,Sattel,17.3,6.8,56.4,35.8,1.1
1372,Schwyz,53.2,9.3,47.4,37.7,5.6
1373,Steinen,11.9,11.3,52.2,21.4,15.1
1374,Steinerberg,6.9,6.2,64.5,28.8,0.6
1375,Unteriberg,46.7,3.8,42.4,36.1,17.7
1401,Alpnach,53.8,5.3,31.8,54.1,8.8
1402,Engelberg,74.8,3.7,27.1,25.8,43.5
1403,Giswil,85.9,2.6,35.4,53.3,8.7
1404,Kerns,92.6,3.2,45.2,29.2,22.4
1405,Lungern,46.6,3.6,40.4,41.3,14.7
1406,Sachseln,53.8,3.7,44.3,41.1,11.0
1407,Sarnen,73.1,6.0,39.0,50.7,4.3
1501,Beckenried,24.3,6.1,48.7,37.3,7.9
1502,Buochs,9.9,18.0,46.8,33.5,1.7
1503,Dallenwil,15.5,4.6,53.9,37.6,3.9
1504,Emmetten,25.0,2.8,36.5,47.9,12.8
1505,Ennetbürgen,9.4,16.0,49.3,33.9,0.9
1506,Ennetmoos,14.1,6.7,47.9,43.5,1.9
1507,Hergiswil (NW),14.2,10.5,28.8,45.9,14.8
1508,Oberdorf (NW),16.2,7.4,52.9,37.5,2.2
1509,Stans,11.1,20.9,40.1,36.8,2.3
1510,Stansstad,9.1,15.4,32.6,49.6,2.4
1511,Wolfenschiessen,92.8,1.4,39.6,33.6,25.4
1630,Glarus Nord,147.0,6.0,37.2,40.5,16.3
1631,Glarus Süd,430.2,1.6,28.8,27.0,42.6
1632,Glarus,103.6,4.1,26.3,34.3,35.2
1701,Baar,24.8,22.2,52.4,24.7,0.7
1702,Cham,17.8,24.9,60.5,12.5,2.0
1703,Hünenberg,18.4,14.3,60.1,16.7,8.9
1704,Menzingen,27.5,7.5,62.7,28.2,1.5
1705,Neuheim,7.9,14.0,66.6,17.9,1.5
1706,Oberägeri,30.1,6.8,45.4,45.9,1.9
1707,Risch,14.8,28.8,54.4,14.7,2.1
1708,Steinhausen,5.0,37.3,46.4,15.5,0.8
1709,Unterägeri,25.6,8.0,36.7,53.6,1.7
1710,Walchwil,13.5,9.4,42.3,44.3,4.1
1711,Zug,21.7,26.6,33.1,37.9,2.5
2004,Bussy (FR),3.6,12.2,81.5,5.5,0.8
2005,Châbles,4.8,9.4,51.8,28.1,10.7
2008,Châtillon (FR),1.3,16.9,55.4,27.7,0.0
2009,Cheiry,6.5,6.9,65.6,27.2,0.3
2010,Cheyres,5.1,14.2,42.5,35.7,7.6
2011,Cugy (FR),9.9,10.3,70.1,19.5,0.1
2013,Domdidier,8.9,15.8,68.0,15.1,1.1
2014,Dompierre (FR),4.4,10.1,87.4,0.9,1.6
2015,Estavayer-le-Lac,8.9,28.1,54.5,11.9,5.5
2016,Fétigny,4.1,12.3,76.9,9.6,1.2
2022,Gletterens,2.9,20.1,51.5,16.0,12.3
2024,Léchelles,8.8,6.6,55.1,37.9,0.3
2025,Lully (FR),5.5,12.6,66.8,20.4,0.2
2027,Ménières,4.4,9.2,75.2,15.6,0.0
2029,Montagny (FR),17.5,8.2,57.2,33.7,0.8
2033,Morens (FR),2.6,16.2,66.5,16.2,1.2
2034,Murist,8.2,7.6,74.5,17.9,0.0
2035,Nuvilly,4.0,7.3,74.6,18.1,0.0
2038,Prévondavaux,1.8,4.9,62.8,32.2,0.0
2039,Rueyres-les-Prés,3.2,14.6,82.3,2.2,0.9
2040,Russy,3.7,4.0,60.6,35.3,0.0
2041,Saint-Aubin (FR),7.9,10.4,81.3,6.5,1.9
2043,Sévaz,2.5,8.9,87.0,2.0,2.0
2044,Surpierre,4.8,4.6,57.4,37.9,0.0
2045,Vallon,3.5,8.8,87.8,3.4,0.0
2047,Villeneuve (FR),3.6,7.8,56.6,33.9,1.7
2049,Vuissens,5.6,12.5,51.1,36.4,0.0
2050,Les Montets,10.3,11.1,59.7,29.1,0.2
2051,Delley-Portalban,7.3,12.0,64.0,13.5,10.5
2052,Vernay,8.4,5.5,74.3,18.1,2.2
2061,Auboranges,1.9,8.3,81.3,10.4,0.0
2063,Billens-Hennens,4.9,6.5,80.4,13.1,0.0
2066,Chapelle (Glâne),2.0,8.4,71.4,20.2,0.0
2067,Le Châtelard,7.5,3.2,70.1,26.7,0.0
2068,Châtonnaye,6.3,6.0,70.9,23.1,0.0
2072,Ecublens (FR),4.9,8.4,65.5,24.0,2.1
2079,Grangettes,3.4,5.1,68.8,26.2,0.0
2086,Massonnens,4.2,6.1,73.1,20.8,0.0
2087,Mézières (FR),9.0,6.8,79.3,13.7,0.1
2089,Montet (Glâne),2.2,7.8,70.3,20.1,1.8
2096,Romont (FR),10.9,19.0,67.2,13.6,0.3
2097,Rue,11.2,8.7,71.8,18.8,0.7
2099,Siviriez,20.3,8.0,74.4,17.2,0.4
2102,Ursy,15.0,8.2,66.4,25.4,0.0
2111,Villaz-Saint-Pierre,5.5,13.4,62.2,23.9,0.5
2113,Vuisternens-devant-Romont,24.1,6.1,78.4,15.1,0.5
2114,Villorsonnens,15.5,5.6,65.2,28.8,0.3
2115,Torny,10.2,5.8,68.9,25.2,0.1
2116,La Folliaz,9.9,6.4,74.7,18.6,0.3
2121,Haut-Intyamon,60.5,2.5,49.4,37.9,10.3
2122,Pont-en-Ogoz,10.0,12.7,65.2,22.0,0.1
2123,Botterens,4.2,9.1,35.0,54.2,1.7
2124,Broc,10.1,9.0,41.7,44.1,5.1
2125,Bulle,23.9,21.6,46.2,31.3,0.9
2128,Châtel-sur-Montsalvens,2.0,8.0,47.0,42.5,2.5
2129,Corbières,9.6,5.4,52.1,42.4,0.1
2130,Crésuz,1.8,23.3,33.9,35.0,7.8
2131,Echarlens,4.6,9.5,75.1,13.7,1.7
2134,Grandvillard,24.2,3.9,47.3,28.5,20.3
2135,Gruyères,28.4,5.5,40.5,49.9,4.1
2137,Hauteville,10.6,4.7,50.9,43.6,0.8
2138,Jaun,55.2,1.7,42.5,38.8,16.9
2140,Marsens,7.8,11.0,63.6,24.9,0.5
2143,Morlon,2.5,9.6,71.1,16.9,2.4
2145,Le Pâquier (FR),4.5,13.2,68.8,17.4,0.7
2147,Pont-la-Ville,4.3,16.0,66.2,17.4,0.5
2148,Riaz,7.8,12.2,62.0,25.7,0.1
2149,La Roche,24.0,4.0,47.1,47.0,1.9
2152,Sâles,18.8,6.1,72.7,20.2,1.0
2153,Sorens,8.7,8.9,64.5,26.5,0.0
2155,Vaulruz,10.1,8.9,64.4,26.3,0.4
2160,Vuadens,10.5,10.4,65.8,23.6,0.2
2162,Bas-Intyamon,33.3,2.8,48.8,39.8,8.7
2163,Val-de-Charmey,112.2,2.1,43.7,41.9,12.2
2171,Arconciel,6.1,8.5,57.8,30.8,2.9
2172,Autafond,2.4,3.7,66.3,30.0,0.0
2173,Autigny,6.2,6.9,70.1,21.7,1.3
2174,Avry,5.8,15.8,72.5,11.5,0.2
2175,Belfaux,6.4,14.6,53.7,31.1,0.6
2177,Chénens,4.0,10.1,67.5,22.4,0.0
2179,Chésopelloz,1.7,6.6,66.9,25.9,0.6
2183,Corminboeuf,5.6,14.9,51.8,33.3,0.0
2184,Corpataux-Magnedens,4.5,18.1,55.7,23.7,2.5
2185,Corserey,3.5,6.4,74.0,19.7,0.0
2186,Cottens (FR),5.0,12.1,69.8,17.3,0.8
2189,Ependes (FR),5.6,10.3,66.1,23.6,0.0
2192,Farvagny,10.0,12.0,66.0,20.8,1.2
2194,Ferpicloz,1.0,16.5,68.9,14.6,0.0
2196,Fribourg,9.3,63.2,13.4,17.0,6.4
2197,Givisiez,3.5,40.6,34.5,23.2,1.7
2198,Granges-Paccot,4.0,31.2,45.7,15.3,7.8
2200,Grolley,5.3,16.5,65.0,18.4,0.0
2206,Marly,7.7,30.9,35.3,29.4,4.4
2208,Matran,2.9,29.4,50.9,19.0,0.7
2211,Neyruz (FR),5.5,15.3,57.8,26.0,0.9
2213,Noréaz,6.9,5.7,63.6,28.5,2.2
2216,Pierrafortscha,5.1,7.3,69.6,22.1,1.0
2217,Ponthaux,6.0,6.5,70.3,23.0,0.2
2220,Le Mouret,18.5,8.7,48.5,42.4,0.4
2221,Prez-vers-Noréaz,5.7,8.8,72.2,18.9,0.2
2222,Rossens (FR),5.1,16.2,48.1,34.9,0.8
2223,Le Glèbe,10.3,8.2,72.7,19.0,0.0
2225,Senèdes,0.5,16.0,74.0,10.0,0.0
2226,Treyvaux,11.4,6.2,63.5,29.6,0.7
2228,Villars-sur-Glâne,5.5,51.7,29.4,17.6,1.3
2230,Villarsel-sur-Marly,1.4,4.2,74.8,18.2,2.8
2231,Vuisternens-en-Ogoz,6.2,7.9,63.9,28.2,0.0
2233,Hauterive (FR),11.9,15.6,52.5,30.2,1.7
2234,La Brillaz,10.3,8.5,71.2,19.2,1.2
2235,La Sonnaz,6.9,7.4,66.4,22.2,4.1
2243,Barberêche,9.1,5.7,59.9,19.9,14.5
2250,Courgevaux,3.4,15.8,57.5,26.1,0.6
2251,Courlevon,3.3,5.2,57.2,37.6,0.0
2254,Courtepin,4.1,25.5,46.3,27.7,0.5
2257,Cressier (FR),4.2,10.8,69.4,19.5,0.2
2258,Fräschels,3.1,10.5,71.3,17.2,1.0
2259,Galmiz,9.1,7.8,70.6,18.7,2.9
2260,Gempenach,1.7,6.0,75.3,18.7,0.0
2261,Greng,1.0,13.9,73.3,9.9,3.0
2262,Gurmels,17.2,10.4,68.9,20.0,0.6
2264,Jeuss,1.8,8.5,80.2,10.7,0.6
2265,Kerzers,12.2,16.0,68.6,14.8,0.7
2266,Kleinbösingen,3.0,9.3,64.8,20.9,5.0
2270,Lurtigen,2.3,6.1,60.0,33.9,0.0
2271,Meyriez,0.3,90.9,3.0,0.0,6.1
2272,Misery-Courtion,11.4,7.2,75.2,17.3,0.3
2274,Muntelier,1.1,36.3,26.5,33.6,3.5
2275,Murten,13.6,20.1,54.7,24.7,0.4
2276,Ried bei Kerzers,7.6,11.9,80.4,7.1,0.5
2277,Salvenach,3.8,7.8,69.5,22.7,0.0
2278,Ulmiz,2.9,6.6,67.5,25.9,0.0
2279,Villarepos,4.7,8.1,58.1,33.9,0.0
2280,Bas-Vully,10.0,13.8,70.2,12.6,3.5
2281,Haut-Vully,7.6,13.1,70.5,13.2,3.2
2283,Wallenried,3.9,20.9,61.6,17.3,0.3
2291,Alterswil,16.1,6.6,76.6,16.2,0.6
2292,Brünisried,3.2,8.3,72.5,19.1,0.0
2293,Düdingen,30.8,12.4,67.4,13.2,6.9
2294,Giffers,5.2,13.6,64.8,19.5,2.1
2295,Bösingen,14.3,9.3,75.2,14.7,0.8
2296,Heitenried,9.1,6.7,73.6,18.7,1.0
2298,Oberschrot,5.3,7.8,56.9,34.9,0.4
2299,Plaffeien,59.4,2.9,48.1,38.1,10.9
2300,Plasselb,18.1,4.0,37.2,55.5,3.3
2301,Rechthalten,7.3,7.1,73.6,18.2,1.1
2302,St. Antoni,16.9,7.5,72.4,19.0,1.1
2303,St. Silvester,7.1,7.9,52.7,37.3,2.1
2304,St. Ursen,15.7,6.5,74.8,18.6,0.1
2305,Schmitten (FR),13.6,13.1,72.1,14.4,0.4
2306,Tafers,8.4,14.9,63.7,21.3,0.1
2307,Tentlingen,3.7,15.4,66.1,15.7,2.7
2308,Ueberstorf,16.1,7.4,72.7,18.5,1.3
2309,Wünnewil-Flamatt,13.2,19.4,63.1,17.0,0.5
2310,Zumholz,1.9,7.9,71.2,17.8,3.1
2321,Attalens,9.8,13.3,59.5,26.9,0.3
2323,Bossonnens,4.1,12.3,71.8,15.9,0.0
2325,Châtel-Saint-Denis,47.9,7.0,46.7,42.3,4.0
2328,Granges (Veveyse),4.5,10.8,69.1,20.2,0.0
2333,Remaufens,5.9,6.6,67.7,25.3,0.3
2335,Saint-Martin (FR),9.8,5.6,77.3,16.2,0.9
2336,Semsales,29.4,3.4,46.5,48.1,1.9
2337,Le Flon,9.5,5.6,73.8,20.0,0.6
2338,La Verrerie,13.4,6.6,77.9,14.7,0.8
2401,Egerkingen,6.9,25.1,24.9,49.7,0.3
2402,Härkingen,5.6,27.3,51.0,21.7,0.0
2403,Kestenholz,8.6,9.4,52.3,38.0,0.2
2404,Neuendorf,7.1,17.4,49.2,33.2,0.1
2405,Niederbuchsiten,5.5,9.1,55.2,35.7,0.0
2406,Oberbuchsiten,9.4,11.0,38.6,49.8,0.6
2407,Oensingen,12.0,22.0,39.8,37.3,0.9
2408,Wolfwil,6.9,13.4,54.2,28.3,4.1
2421,Aedermannsdorf,12.9,3.6,49.4,46.6,0.3
2422,Balsthal,15.7,14.4,29.4,54.4,1.8
2423,Gänsbrunnen,11.4,3.3,29.7,67.0,0.1
2424,Herbetswil,16.4,3.4,34.7,61.8,0.1
2425,Holderbank (SO),7.8,6.2,44.2,49.3,0.4
2426,Laupersdorf,15.5,5.8,47.4,46.6,0.2
2427,Matzendorf,11.3,7.8,40.6,51.5,0.2
2428,Mümliswil-Ramiswil,35.5,4.1,50.4,45.2,0.3
2429,Welschenrohr,13.0,4.9,35.5,58.4,1.1
2445,Biezwil,4.2,6.7,51.9,41.4,0.0
2455,Lüterkofen-Ichertswil,4.4,12.8,53.0,33.8,0.5
2456,Lüterswil-Gächliwil,3.1,6.2,61.7,32.1,0.0
2457,Messen,11.9,7.1,64.1,28.3,0.5
2461,Schnottwil,7.2,8.6,59.0,32.2,0.1
2463,Unterramsern,1.5,7.1,63.0,29.2,0.6
2464,Lüsslingen-Nennigkofen,7.8,9.7,60.6,25.1,4.5
2465,Buchegg,22.8,8.7,56.5,34.3,0.5
2471,Bättwil,1.7,24.9,57.4,17.8,0.0
2472,Büren (SO),6.2,7.1,46.9,45.7,0.3
2473,Dornach,5.8,35.7,17.4,46.4,0.5
2474,Gempen,6.0,6.4,52.6,41.0,0.0
2475,Hochwald,8.3,8.9,46.0,45.0,0.0
2476,Hofstetten-Flüh,7.5,14.8,40.4,44.7,0.1
2477,Metzerlen-Mariastein,8.5,7.6,46.7,45.6,0.1
2478,Nuglar-St. Pantaleon,6.3,11.4,45.8,42.3,0.5
2479,Rodersdorf,5.3,14.3,54.7,30.8,0.2
2480,Seewen,16.4,5.8,40.1,53.8,0.4
2481,Witterswil,2.7,14.0,66.0,20.0,0.0
2491,Hauenstein-Ifenthal,5.3,8.1,51.0,40.5,0.4
2492,Kienberg,8.6,4.3,49.7,45.6,0.4
2493,Lostorf,13.3,13.7,37.6,48.6,0.1
2495,Niedergösgen,4.3,30.5,26.1,36.5,6.9
2497,Obergösgen,3.6,21.2,40.8,29.5,8.5
2498,Rohr (SO),2.3,5.3,44.4,49.8,0.4
2499,Stüsslingen,6.2,14.8,49.3,35.8,0.2
2500,Trimbach,7.7,23.7,23.1,52.2,1.0
2501,Winznau,4.0,19.7,36.2,40.0,4.1
2502,Wisen (SO),4.8,6.0,54.0,40.0,0.0
2503,Erlinsbach (SO),8.9,13.6,43.2,40.4,2.8
2511,Aeschi (SO),5.4,11.9,63.2,21.0,3.9
2513,Biberist,12.2,26.6,37.0,34.2,2.2
2514,Bolken,2.1,12.2,64.3,21.6,1.9
2516,Deitingen,7.6,24.9,52.2,22.4,0.5
2517,Derendingen,5.6,32.6,39.2,26.7,1.4
2518,Etziken,3.4,13.3,53.8,32.2,0.6
2519,Gerlafingen,1.9,79.6,9.4,9.9,1.0
2520,Halten,1.9,18.4,60.5,21.1,0.0
2523,Horriwil,2.6,13.8,59.2,26.2,0.8
2524,Hüniken,1.0,6.9,77.2,15.8,0.0
2525,Kriegstetten,1.1,46.9,44.2,8.8,0.0
2526,Lohn-Ammannsegg,4.5,22.8,47.4,29.5,0.2
2527,Luterbach,4.5,34.6,35.9,26.0,3.5
2528,Obergerlafingen,1.5,32.2,48.0,19.7,0.0
2529,Oekingen,2.5,13.1,62.4,24.5,0.0
2530,Recherswil,3.3,21.0,55.9,22.2,0.9
2532,Subingen,6.2,20.6,48.5,30.1,0.8
2534,Zuchwil,4.7,52.5,24.6,19.1,3.9
2535,Drei Höfe,4.5,7.5,56.8,35.0,0.7
2541,Balm bei Günsberg,5.5,3.1,32.4,62.3,2.2
2542,Bellach,5.3,33.5,47.5,14.6,4.4
2543,Bettlach,12.2,13.4,46.4,37.6,2.6
2544,Feldbrunnen-St. Niklaus,2.5,14.9,36.9,46.2,2.0
2545,Flumenthal,3.1,19.7,49.2,24.9,6.1
2546,Grenchen,26.1,20.7,37.8,40.0,1.5
2547,Günsberg,5.3,10.2,46.6,42.2,0.9
2548,Hubersdorf,1.4,15.4,52.9,30.9,0.7
2549,Kammersrohr,0.9,3.2,56.4,40.4,0.0
2550,Langendorf,2.0,48.7,39.5,11.3,0.5
2551,Lommiswil,5.8,12.8,44.1,43.1,0.0
2553,Oberdorf (SO),12.0,6.9,24.8,67.8,0.5
2554,Riedholz,7.2,16.3,41.9,39.2,2.6
2555,Rüttenen,8.8,7.8,22.2,68.6,1.4
2556,Selzach,19.5,9.2,50.3,38.2,2.3
2571,Boningen,2.8,25.3,37.7,27.4,9.6
2572,Däniken,5.4,31.5,32.6,34.5,1.5
2573,Dulliken,6.0,27.4,38.6,33.3,0.7
2574,Eppenberg-Wöschnau,1.8,18.0,36.1,43.2,2.7
2575,Fulenbach,4.5,17.2,49.8,29.2,3.8
2576,Gretzenbach,5.8,21.0,41.8,36.3,0.9
2578,Gunzgen,3.9,27.6,46.5,24.8,1.0
2579,Hägendorf,13.9,15.1,26.7,58.1,0.1
2580,Kappel (SO),5.1,18.4,32.7,48.6,0.2
2581,Olten,11.5,40.4,12.7,41.8,5.1
2582,Rickenbach (SO),2.8,17.1,30.7,52.1,0.0
2583,Schönenwerd,3.7,41.4,10.4,43.0,5.1
2584,Starrkirch-Wil,1.8,28.8,22.8,48.4,0.0
2585,Walterswil (SO),4.5,10.6,53.0,35.9,0.4
2586,Wangen bei Olten,6.9,21.9,24.6,53.2,0.3
2601,Solothurn,6.3,69.5,22.6,2.7,5.2
2611,Bärschwil,11.2,5.0,41.5,53.0,0.4
2612,Beinwil (SO),22.7,1.9,43.6,54.1,0.4
2613,Breitenbach,6.8,19.3,46.0,34.3,0.4
2614,Büsserach,7.6,11.0,42.4,46.2,0.4
2615,Erschwil,7.5,7.1,34.6,57.7,0.5
2616,Fehren,1.5,15.3,54.0,30.0,0.7
2617,Grindel,3.0,6.7,42.0,51.0,0.3
2618,Himmelried,6.0,10.7,30.7,58.3,0.3
2619,Kleinlützel,16.3,4.5,35.9,59.2,0.4
2620,Meltingen,5.8,5.7,40.3,54.0,0.0
2621,Nunningen,10.3,8.6,41.6,49.8,0.1
2622,Zullwil,3.6,9.6,44.1,46.0,0.3
2701,Basel,24.0,86.3,4.0,3.7,6.1
2702,Bettingen,2.2,19.3,34.9,45.9,0.0
2703,Riehen,10.9,47.4,25.4,25.0,2.1
2761,Aesch (BL),7.4,35.9,46.9,16.4,0.8
2762,Allschwil,8.9,43.0,29.4,27.0,0.6
2763,Arlesheim,7.0,38.0,9.3,52.2,0.4
2764,Biel-Benken,4.1,25.4,54.3,20.0,0.2
2765,Binningen,4.5,71.7,20.9,7.0,0.4
2766,Birsfelden,2.5,80.3,0.0,1.6,18.1
2767,Bottmingen,3.0,54.4,26.0,18.6,1.0
2768,Ettingen,6.4,17.1,33.2,49.7,0.0
2769,Münchenstein,7.2,58.1,15.6,24.1,2.2
2770,Muttenz,16.6,41.2,16.1,40.6,2.1
2771,Oberwil (BL),7.9,35.8,44.0,19.5,0.6
2772,Pfeffingen,4.9,14.4,32.4,53.2,0.0
2773,Reinach (BL),7.0,55.5,26.4,16.6,1.4
2774,Schönenbuch,1.3,31.6,66.9,1.5,0.0
2775,Therwil,7.7,29.0,46.0,24.5,0.5
2781,Blauen,7.1,5.3,34.0,60.3,0.3
2782,Brislach,9.4,8.5,52.9,37.9,0.6
2783,Burg im Leimental,2.8,5.0,14.2,80.9,0.0
2784,Dittingen,6.7,7.3,29.5,62.3,0.9
2785,Duggingen,5.9,12.7,28.8,57.1,1.4
2786,Grellingen,3.3,19.2,20.7,56.8,3.3
2787,Laufen,11.3,19.0,27.1,52.9,1.1
2788,Liesberg,12.5,8.8,36.5,53.2,1.4
2789,Nenzlingen,3.7,7.1,41.9,49.3,1.6
2790,Roggenburg,6.7,3.2,50.2,46.5,0.2
2791,Röschenz,10.1,7.2,32.4,60.0,0.4
2792,Wahlen,5.4,11.2,55.2,33.5,0.0
2793,Zwingen,4.6,25.6,33.4,38.2,2.8
2821,Arisdorf,10.0,9.4,56.4,34.1,0.1
2822,Augst,1.6,40.7,35.2,6.8,17.3
2823,Bubendorf,10.8,14.9,38.0,45.9,1.2
2824,Frenkendorf,4.6,30.2,27.6,42.0,0.2
2825,Füllinsdorf,4.6,30.2,36.9,32.2,0.6
2826,Giebenach,1.3,24.6,57.5,17.9,0.0
2827,Hersberg,1.7,11.8,37.3,50.9,0.0
2828,Lausen,5.6,25.0,23.6,50.5,0.9
2829,Liestal,18.2,24.0,16.5,58.8,0.7
2830,Lupsingen,3.2,15.6,40.3,44.1,0.0
2831,Pratteln,10.7,43.1,27.6,28.0,1.3
2832,Ramlinsburg,2.3,12.9,40.4,46.7,0.0
2833,Seltisberg,3.5,16.2,46.3,37.5,0.0
2834,Ziefen,7.8,8.5,42.4,48.8,0.4
2841,Anwil,4.0,8.0,63.2,27.6,1.3
2842,Böckten,2.3,14.4,42.8,41.5,1.3
2843,Buckten,2.0,17.0,49.5,32.5,1.0
2844,Buus,8.9,7.2,64.4,28.4,0.0
2845,Diepflingen,1.4,12.7,33.1,53.5,0.7
2846,Gelterkinden,9.8,18.1,34.1,47.3,0.5
2847,Häfelfingen,3.9,6.3,58.9,34.8,0.0
2848,Hemmiken,3.4,5.5,69.4,25.1,0.0
2849,Itingen,3.1,23.9,28.7,47.1,0.3
2850,Känerkinden,1.4,16.0,70.1,13.9,0.0
2851,Kilchberg (BL),1.6,8.8,70.6,20.6,0.0
2852,Läufelfingen,8.2,9.7,49.1,41.2,0.0
2853,Maisprach,5.0,10.2,50.6,39.2,0.0
2854,Nusshof,1.7,4.6,55.7,39.7,0.0
2855,Oltingen,7.2,5.9,60.0,33.9,0.3
2856,Ormalingen,6.9,11.4,51.0,37.5,0.1
2857,Rickenbach (BL),2.9,10.7,56.1,32.9,0.3
2858,Rothenfluh,10.9,3.9,40.0,56.1,0.1
2859,Rümlingen,2.3,10.6,47.6,40.5,1.3
2860,Rünenberg,5.0,6.8,55.2,37.8,0.2
2861,Sissach,8.9,25.0,28.2,46.5,0.3
2862,Tecknau,2.4,16.4,24.4,58.0,1.3
2863,Tenniken,4.7,11.3,47.6,41.0,0.0
2864,Thürnen,2.3,18.5,56.4,25.1,0.0
2865,Wenslingen,5.9,6.7,62.9,30.3,0.2
2866,Wintersingen,6.9,6.9,57.8,34.7,0.6
2867,Wittinsburg,3.2,8.1,60.0,31.9,0.0
2868,Zeglingen,7.9,6.2,48.4,45.4,0.0
2869,Zunzgen,6.9,12.0,38.0,49.8,0.1
2881,Arboldswil,3.4,6.4,51.7,41.9,0.0
2882,Bennwil,6.5,5.5,53.2,40.8,0.5
2883,Bretzwil,7.4,4.8,56.7,38.5,0.1
2884,Diegten,9.7,11.1,49.4,39.5,0.0
2885,Eptingen,11.2,5.2,47.1,47.4,0.4
2886,Hölstein,6.0,14.9,43.8,40.3,1.0
2887,Lampenberg,4.0,7.2,54.1,38.7,0.0
2888,Langenbruck,15.7,4.7,51.0,44.1,0.3
2889,Lauwil,7.3,2.5,47.7,49.5,0.3
2890,Liedertswil,2.0,5.1,36.9,57.9,0.0
2891,Niederdorf,4.4,14.9,58.1,26.5,0.5
2892,Oberdorf (BL),6.2,12.7,43.2,43.6,0.5
2893,Reigoldswil,9.2,8.2,46.4,45.3,0.1
2894,Titterten,3.7,6.2,57.0,36.5,0.3
2895,Waldenburg,8.3,5.8,31.5,62.6,0.1
2901,Gächlingen,7.3,7.7,74.1,17.8,0.4
2903,Löhningen,6.9,9.1,52.9,37.8,0.1
2904,Neunkirch,17.9,7.3,47.1,45.0,0.6
2914,Büttenhardt,4.0,4.7,49.5,45.8,0.0
2915,Dörflingen,5.8,8.8,62.0,27.7,1.4
2917,Lohn (SH),4.9,8.4,54.1,37.3,0.2
2919,Stetten (SH),4.7,10.8,41.3,47.5,0.4
2920,Thayngen,20.0,15.6,56.2,26.9,1.3
2931,Bargen (SH),8.3,4.6,27.8,67.3,0.2
2932,Beringen,18.6,11.0,29.6,59.3,0.1
2933,Buchberg,5.9,8.5,52.0,34.3,5.1
2936,Merishausen,17.5,3.7,29.2,66.9,0.2
2937,Neuhausen am Rheinfall,8.1,32.1,13.5,50.9,3.5
2938,Rüdlingen,5.5,10.7,46.0,33.2,10.1
2939,Schaffhausen,41.9,24.8,20.2,53.4,1.6
2951,Beggingen,12.6,4.5,50.6,44.6,0.2
2952,Schleitheim,21.5,6.4,57.9,35.1,0.5
2953,Siblingen,9.3,6.7,44.0,48.7,0.6
2961,Buch (SH),3.8,6.8,73.4,19.8,0.0
2962,Hemishofen,7.9,5.5,35.3,55.3,3.9
2963,Ramsen,13.5,7.7,61.3,29.1,2.0
2964,Stein am Rhein,5.8,24.8,29.3,39.9,5.9
2971,Hallau,15.3,9.8,49.3,40.0,0.9
2972,Oberhallau,6.0,7.2,72.4,20.5,0.0
2973,Trasadingen,4.1,11.2,75.6,12.4,0.7
2974,Wilchingen,21.2,7.2,49.9,42.3,0.7
3001,Herisau,25.2,17.3,54.4,27.7,0.7
3002,Hundwil,24.1,3.4,58.3,31.2,7.1
3003,Schönengrund,5.2,4.6,64.7,30.7,0.0
3004,Schwellbrunn,17.4,5.6,59.5,34.4,0.5
3005,Stein (AR),9.4,9.0,66.3,22.9,1.8
3006,Urnäsch,48.3,3.4,53.0,42.1,1.4
3007,Waldstatt,6.7,12.2,60.5,26.4,0.9
3021,Bühler,5.6,10.6,62.9,25.6,0.9
3022,Gais,21.2,6.8,46.8,44.9,1.6
3023,Speicher,8.2,17.7,53.1,28.3,1.0
3024,Teufen (AR),15.3,16.9,52.4,29.6,1.0
3025,Trogen,10.0,8.4,49.2,41.3,1.1
3031,Grub (AR),4.2,12.1,56.0,31.9,0.0
3032,Heiden,7.5,18.2,51.3,30.3,0.1
3033,Lutzenberg,2.3,23.3,51.1,24.7,0.9
3034,Rehetobel,6.7,9.5,55.9,34.1,0.4
3035,Reute (AR),4.9,6.3,40.2,53.5,0.0
3036,Wald (AR),6.8,6.6,65.0,28.4,0.0
3037,Walzenhausen,7.0,13.9,52.0,34.1,0.0
3038,Wolfhalden,7.0,13.1,55.9,30.7,0.3
3101,Appenzell,16.9,11.6,65.8,21.6,1.0
3102,Gonten,24.7,6.1,59.2,32.6,2.1
3103,Rüte,40.9,3.8,54.7,31.5,10.0
3104,Schlatt-Haslen,17.9,5.1,62.9,31.0,1.0
3105,Schwende,57.5,2.3,45.0,32.7,20.0
3111,Oberegg,14.7,6.3,50.7,42.5,0.4
3201,Häggenschwil,9.2,9.2,75.1,13.7,2.1
3202,Muolen,10.3,7.4,84.2,7.4,1.0
3203,St. Gallen,39.3,40.8,29.0,28.4,1.8
3204,Wittenbach,12.3,20.6,56.8,20.8,1.8
3211,Berg (SG),3.8,12.4,69.8,16.9,0.8
3212,Eggersriet,8.9,10.0,56.5,33.1,0.4
3213,Goldach,4.7,55.7,28.9,12.9,2.5
3214,Mörschwil,9.9,20.0,57.4,21.4,1.2
3215,Rorschach,1.8,92.7,6.2,0.6,0.6
3216,Rorschacherberg,7.1,30.0,44.5,25.2,0.3
3217,Steinach,4.5,31.5,61.2,5.5,1.8
3218,Tübach,2.0,32.8,61.5,5.6,0.0
3219,Untereggen,7.1,6.4,49.2,42.3,2.1
3231,Au (SG),4.7,52.0,36.5,4.5,7.0
3232,Balgach,6.5,24.3,54.4,20.3,0.9
3233,Berneck,5.6,23.3,45.9,29.7,1.1
3234,Diepoldsau,11.2,23.9,63.5,4.4,8.2
3235,Rheineck,2.2,55.2,30.8,6.3,7.7
3236,St. Margrethen,6.9,36.7,25.4,31.5,6.4
3237,Thal,9.6,37.8,42.7,11.9,7.6
3238,Widnau,4.2,67.5,26.6,1.4,4.5
3251,Altstätten,39.5,13.6,60.8,21.0,4.6
3252,Eichberg,5.5,10.8,44.6,43.9,0.7
3253,Marbach (SG),4.4,20.0,72.1,5.6,2.3
3254,Oberriet (SG),34.5,14.9,54.8,26.4,3.9
3255,Rebstein,4.3,30.3,61.8,6.9,0.9
3256,Rüthi (SG),9.3,14.1,47.2,33.2,5.5
3271,Buchs (SG),16.0,26.8,37.2,29.0,7.0
3272,Gams,22.3,9.6,57.4,29.4,3.6
3273,Grabs,54.7,5.3,49.2,33.4,12.1
3274,Sennwald,41.5,10.1,48.3,30.5,11.1
3275,Sevelen,30.3,7.7,49.5,34.8,7.9
3276,Wartau,41.8,6.8,45.8,38.4,9.0
3291,Bad Ragaz,25.4,11.6,43.6,33.8,11.0
3292,Flums,75.1,4.1,51.3,32.6,11.9
3293,Mels,139.2,2.8,42.0,29.6,25.6
3294,Pfäfers,128.4,1.1,27.5,31.4,40.0
3295,Quarten,61.7,3.8,33.6,46.1,16.6
3296,Sargans,9.5,21.4,37.5,34.5,6.5
3297,Vilters-Wangs,32.7,6.0,44.8,33.8,15.5
3298,Walenstadt,45.7,6.1,34.4,40.6,18.9
3311,Amden,43.0,3.2,36.9,47.8,12.1
3312,Benken (SG),16.4,10.4,71.7,11.8,6.1
3313,Kaltbrunn,18.6,9.1,54.4,32.9,3.5
3315,Schänis,39.9,4.7,49.9,40.6,4.8
3316,Weesen,5.4,12.4,34.1,49.3,4.3
3338,Schmerikon,4.0,30.4,37.9,21.0,10.6
3339,Uznach,7.6,26.1,44.6,23.3,6.1
3340,Rapperswil-Jona,22.2,31.6,35.3,29.6,3.5
3341,Gommiswald,33.6,7.2,48.3,42.7,1.9
3342,Eschenbach (SG),54.9,8.4,55.5,35.4,0.7
3352,Ebnat-Kappel,43.6,5.5,47.8,43.1,3.6
3359,Wildhaus-Alt St. Johann,87.4,3.2,52.1,27.3,17.5
3360,Nesslau,92.7,3.1,52.8,37.1,7.0
3372,Hemberg,20.2,4.3,60.3,32.9,2.6
3374,Lichtensteig,2.8,21.1,31.1,45.4,2.5
3375,Oberhelfenschwil,12.7,5.1,59.7,34.1,1.1
3378,Neckertal,49.0,5.7,53.4,39.8,1.1
3379,Wattwil,51.2,7.8,52.4,37.6,2.2
3392,Kirchberg (SG),42.6,10.4,57.6,30.6,1.4
3393,Lütisburg,14.0,6.2,56.0,35.0,2.7
3394,Mosnang,50.6,3.7,48.4,47.1,0.7
3395,Bütschwil-Ganterschwil,21.8,11.1,65.0,21.4,2.5
3401,Degersheim,14.4,11.1,51.7,36.6,0.6
3402,Flawil,11.5,25.5,49.7,22.6,2.2
3405,Jonschwil,11.1,16.6,56.8,24.5,2.1
3407,Oberuzwil,14.1,13.4,59.0,26.0,1.6
3408,Uzwil,14.5,29.0,51.3,17.4,2.3
3422,Niederbüren,15.8,10.0,64.9,23.3,1.8
3423,Niederhelfenschwil,16.3,9.3,69.9,20.1,0.7
3424,Oberbüren,17.8,13.8,64.1,19.8,2.3
3426,Zuzwil (SG),9.0,20.0,54.7,23.8,1.6
3427,Wil (SG),20.8,30.1,50.1,18.9,0.9
3441,Andwil (SG),6.3,12.0,65.9,20.5,1.6
3442,Gaiserwald,12.7,19.4,49.5,30.0,1.1
3443,Gossau (SG),27.5,21.8,60.7,16.2,1.3
3444,Waldkirch,31.3,10.1,60.6,28.6,0.7
3501,Alvaschein,4.1,7.9,28.8,60.3,3.0
3502,Mon,8.5,1.8,39.0,56.8,2.5
3503,Mutten,9.9,1.7,28.3,62.9,7.2
3504,Stierva,10.5,1.2,50.9,42.6,5.3
3505,Tiefencastel,14.9,3.5,18.2,49.8,28.4
3506,Vaz/Obervaz,42.5,7.0,40.4,39.7,12.8
3511,Alvaneu,35.7,2.5,28.1,33.4,36.0
3512,Brienz/Brinzauls,13.4,2.4,22.8,51.9,22.9
3513,Lantsch/Lenz,21.8,3.9,27.3,34.6,34.2
3514,Schmitten (GR),11.3,1.9,25.8,57.6,14.8
3515,Surava,7.0,4.3,10.5,78.9,6.3
3521,Bergün/Bravuogn,145.6,0.8,20.5,21.2,57.5
3522,Filisur,44.6,1.6,17.6,48.1,32.6
3531,Bivio,76.7,0.6,48.8,2.6,48.1
3532,Cunter,7.1,3.0,30.7,51.2,15.2
3533,Marmorera,19.0,1.0,35.2,24.4,39.4
3534,Mulegns,33.8,0.6,30.7,10.6,58.2
3536,Riom-Parsonz,56.0,1.1,51.8,18.9,28.2
3538,Salouf,31.4,1.0,43.7,28.8,26.5
3539,Savognin,22.2,3.6,33.2,36.7,26.5
3540,Sur,23.2,0.6,42.1,14.2,43.1
3541,Tinizong-Rona,54.3,0.9,33.9,26.2,39.0
3551,Brusio,46.3,2.5,15.3,55.6,26.6
3561,Poschiavo,191.0,1.8,19.0,33.4,45.8
3572,Falera,22.4,2.6,60.0,20.0,17.3
3575,Laax,31.7,4.0,34.2,30.8,31.0
3581,Sagogn,7.0,9.4,19.1,59.0,12.5
3582,Schluein,4.8,7.5,29.1,56.3,7.1
3598,St. Martin,22.9,0.5,31.7,35.1,32.8
3603,Vals,152.6,0.6,32.2,8.8,58.4
3611,Andiast,13.6,1.5,43.5,28.2,26.9
3612,Obersaxen,61.5,2.1,52.5,24.3,21.1
3616,Waltensburg/Vuorz,32.3,1.7,35.5,22.9,39.9
3617,Mundaun,8.6,4.2,59.8,29.0,7.0
3618,Lumnezia,165.4,1.4,44.8,21.7,32.0
3619,Ilanz/Glion,133.4,2.7,36.1,37.8,23.3
3631,Almens,8.4,2.0,34.9,48.6,14.5
3633,Fürstenau,1.3,10.8,50.0,33.1,6.2
3634,Paspels,4.6,7.0,33.9,55.1,3.9
3635,Pratval,0.8,20.0,52.5,25.0,2.5
3636,Rodels,1.7,11.3,52.4,31.5,4.8
3637,Rothenbrunnen,3.1,9.4,11.3,68.4,11.0
3638,Scharans,14.3,3.7,25.8,64.1,6.4
3640,Sils im Domleschg,9.3,8.2,14.6,70.4,6.9
3661,Cazis,31.2,6.3,50.1,36.5,7.2
3662,Flerden,6.1,4.1,50.0,30.7,15.2
3663,Masein,4.2,6.2,38.7,53.0,2.1
3668,Thusis,6.8,16.5,17.1,60.1,6.3
3669,Tschappina,24.7,1.2,37.0,27.6,34.3
3670,Urmein,4.4,6.7,45.7,41.1,6.4
3671,Tomils,30.5,2.2,35.4,50.3,12.1
3672,Safiental,151.4,1.2,38.8,31.1,29.0
3681,Avers,93.1,0.5,49.4,6.0,44.1
3691,Hinterrhein,48.4,1.1,21.8,7.8,69.2
3693,Nufenen,28.1,1.0,49.7,16.0,33.3
3694,Splügen,60.5,1.2,37.2,19.0,42.6
3695,Sufers,34.6,0.8,12.1,25.9,61.1
3701,Andeer,46.4,2.3,31.7,44.3,21.7
3703,Casti-Wergenstein,25.6,0.7,50.0,9.1,40.2
3705,Donat,4.7,3.6,40.1,51.3,4.9
3707,Lohn (GR),8.1,1.1,57.4,34.3,7.2
3708,Mathon,15.1,1.0,68.5,10.3,20.2
3711,Rongellen,2.0,5.9,15.2,64.2,14.7
3712,Zillis-Reischen,24.5,2.0,32.8,44.8,20.4
3713,Ferrera,75.4,0.4,24.8,18.0,56.9
3721,Bonaduz,14.5,7.8,24.3,62.0,5.9
3722,Domat/Ems,24.2,14.6,25.4,53.9,6.1
3723,Rhäzüns,13.3,5.0,23.0,68.3,3.7
3731,Felsberg,13.4,5.2,18.2,44.3,32.3
3732,Flims,50.5,4.5,32.8,28.8,34.0
3733,Tamins,40.7,1.4,16.4,50.9,31.3
3734,Trin,47.2,2.0,32.4,24.9,40.7
3741,Ardez,61.4,0.8,28.4,21.1,49.7
3742,Guarda,31.5,0.5,34.1,13.1,52.2
3743,Lavin,46.2,0.6,15.0,20.2,64.2
3744,Susch,94.0,0.6,18.3,15.5,65.7
3745,Tarasp,46.9,0.9,12.3,34.6,52.1
3746,Zernez,203.9,0.7,7.8,35.6,55.9
3752,Samnaun,56.2,1.2,43.7,12.1,43.0
3761,Ftan,43.1,1.3,38.8,16.0,43.9
3762,Scuol,144.1,1.2,26.9,25.8,46.1
3763,Sent,111.7,0.8,30.4,24.3,44.6
3764,Valsot,159.2,1.0,29.3,31.0,38.8
3781,Bever,45.7,1.2,15.3,15.1,68.4
3782,Celerina/Schlarigna,24.0,4.7,32.0,31.2,32.1
3783,Madulain,16.4,2.6,30.7,14.5,52.2
3784,Pontresina,118.2,1.5,16.3,9.1,73.0
3785,La Punt-Chamues-ch,63.2,1.3,31.6,16.0,51.1
3786,Samedan,114.0,1.9,15.5,9.7,72.9
3787,St. Moritz,28.7,9.0,26.3,20.0,44.8
3788,S-chanf,138.0,0.7,23.6,19.2,56.5
3789,Sils im Engadin/Segl,63.5,1.2,25.9,11.1,61.7
3790,Silvaplana,44.7,2.1,17.9,14.6,65.4
3791,Zuoz,65.6,1.9,46.4,9.6,42.0
3792,Bregaglia,251.4,0.9,14.1,21.6,63.4
3801,Arvigo,17.0,2.4,11.5,53.8,32.3
3803,Braggio,6.9,0.7,9.6,70.6,19.0
3804,Buseno,11.2,1.9,4.9,83.8,9.4
3805,Castaneda,3.9,4.6,4.1,81.2,10.2
3806,Cauco,10.9,1.8,9.4,52.2,36.5
3808,Rossa,58.9,0.6,7.1,46.1,46.2
3810,Santa Maria in Calanca,9.3,1.5,4.0,74.6,20.0
3811,Selma,2.9,3.1,6.6,69.1,21.2
3821,Lostallo,50.9,2.3,7.3,59.6,30.8
3822,Mesocco,164.8,1.4,18.6,21.8,58.2
3823,Soazza,46.4,1.1,7.2,56.8,34.9
3831,Cama,15.1,3.1,5.2,60.1,31.6
3832,Grono,14.8,4.5,8.6,58.4,28.5
3833,Leggia,9.2,2.3,11.9,64.3,21.5
3834,Roveredo (GR),38.8,3.7,7.6,75.8,12.9
3835,San Vittore,22.0,3.9,15.9,67.2,13.0
3836,Verdabbio,13.1,1.4,5.5,63.2,30.0
3847,Val Müstair,198.6,1.0,26.9,26.5,45.6
3851,Davos,284.0,2.3,35.0,22.2,40.5
3861,Fideris,25.3,3.1,58.7,28.8,9.4
3862,Furna,33.3,1.1,50.4,39.2,9.3
3863,Jenaz,26.0,3.0,44.7,40.3,12.0
3871,Klosters-Serneus,193.2,1.4,22.8,18.7,57.0
3881,Conters im Prättigau,18.4,1.0,46.1,45.1,7.9
3882,Küblis,8.1,4.6,43.9,43.7,7.9
3883,Saas,26.8,2.6,38.4,25.5,33.5
3891,Luzein,31.6,3.3,41.9,47.1,7.7
3893,St. Antönien,52.2,1.1,50.2,11.5,37.2
3901,Chur,28.0,26.5,17.6,52.1,3.9
3911,Churwalden,48.6,3.7,43.8,39.6,12.9
3921,Arosa,154.7,2.1,46.1,28.5,23.3
3926,Maladers,7.6,4.2,28.1,63.7,3.9
3932,Tschiertschen-Praden,27.8,1.3,46.7,33.3,18.6
3941,Haldenstein,18.6,2.0,26.5,54.9,16.6
3945,Trimmis,42.9,3.7,32.7,45.3,18.3
3946,Untervaz,27.7,6.0,39.2,45.6,9.3
3947,Zizers,11.0,14.5,39.1,38.0,8.4
3951,Fläsch,20.0,2.5,34.6,42.8,20.1
3952,Jenins,10.5,4.1,42.7,41.3,11.9
3953,Maienfeld,32.4,5.8,43.1,31.9,19.2
3954,Malans,11.4,7.0,40.3,43.8,8.9
3955,Landquart,18.9,15.1,34.7,45.5,4.8
3961,Grüsch,43.3,2.9,42.7,45.4,8.9
3962,Schiers,61.8,2.4,36.0,45.4,16.1
3972,Seewis im Prättigau,49.6,1.9,41.0,35.0,22.1
3981,Breil/Brigels,50.8,2.9,35.6,24.2,37.2
3982,Disentis/Mustér,91.1,1.6,20.4,24.8,53.2
3983,Medel (Lucmagn),136.2,0.6,18.2,16.7,64.6
3985,Sumvitg,101.8,1.1,22.7,29.3,46.8
3986,Tujetsch,133.9,1.4,25.0,12.7,61.0
3987,Trun,51.9,2.0,24.0,34.9,39.1
4001,Aarau,12.3,49.3,11.4,32.2,7.1
4002,Biberstein,4.1,13.3,30.7,51.4,4.6
4003,Buchs (AG),5.3,45.6,11.6,42.2,0.6
4004,Densbüren,12.6,4.8,40.4,54.6,0.2
4005,Erlinsbach (AG),9.9,12.6,33.0,53.2,1.2
4006,Gränichen,17.3,13.7,28.8,57.3,0.2
4007,Hirschthal,3.5,16.1,32.3,51.3,0.3
4008,Küttigen,11.9,16.0,33.1,49.7,1.2
4009,Muhen,7.0,17.0,40.6,41.2,1.1
4010,Oberentfelden,7.2,32.9,24.8,41.2,1.1
4012,Suhr,10.6,26.7,27.8,44.4,1.1
4013,Unterentfelden,2.9,43.0,26.6,30.1,0.3
4021,Baden,13.2,33.7,8.6,55.8,1.8
4022,Bellikon,4.9,10.1,60.7,28.9,0.2
4023,Bergdietikon,6.0,17.4,54.5,26.6,1.5
4024,Birmenstorf (AG),7.8,15.4,44.3,36.4,4.0
4026,Ennetbaden,2.1,36.6,19.7,41.3,2.3
4027,Fislisbach,5.1,25.3,44.6,30.0,0.0
4028,Freienwil,4.0,9.5,52.0,38.6,0.0
4029,Gebenstorf,5.7,27.5,26.8,39.8,5.8
4030,Killwangen,2.4,24.2,25.0,49.2,1.7
4031,Künten,4.9,12.9,56.4,27.0,3.7
4032,Mägenwil,3.5,30.4,38.7,30.7,0.3
4033,Mellingen,4.8,29.5,33.5,31.6,5.4
4034,Neuenhof,5.4,27.4,17.6,49.5,5.5
4035,Niederrohrdorf,3.4,26.9,42.1,29.6,1.5
4037,Oberrohrdorf,4.3,21.8,39.9,38.3,0.0
4038,Obersiggenthal,8.4,20.7,35.1,42.8,1.4
4039,Remetschwil,3.9,19.4,57.4,23.3,0.0
4040,Spreitenbach,8.6,37.9,24.6,35.8,1.7
4041,Stetten (AG),4.4,18.0,48.2,27.3,6.5
4042,Turgi,1.5,44.7,16.0,36.7,2.7
4044,Untersiggenthal,8.3,22.4,30.4,43.4,3.8
4045,Wettingen,10.6,39.4,20.4,38.0,2.2
4046,Wohlenschwil,4.4,16.5,46.0,34.8,2.7
4047,Würenlingen,9.4,20.8,28.6,48.1,2.4
4048,Würenlos,9.0,22.6,41.9,33.9,1.7
4049,Ehrendingen,7.3,15.4,56.8,27.5,0.3
4061,Arni (AG),3.5,16.8,53.6,29.0,0.6
4062,Berikon,5.4,22.1,45.5,32.2,0.2
4063,Bremgarten (AG),11.3,23.1,22.3,48.0,6.6
4064,Büttikon,2.8,11.0,55.3,33.0,0.7
4065,Dottikon,3.9,29.6,47.4,22.4,0.5
4066,Eggenwil,2.5,13.4,50.2,28.1,8.3
4067,Fischbach-Göslikon,3.1,19.0,49.7,19.7,11.6
4068,Hägglingen,7.8,10.2,57.7,32.1,0.0
4071,Jonen,5.7,11.9,55.6,30.2,2.3
4072,Niederwil (AG),6.1,15.1,52.6,30.1,2.1
4073,Oberlunkhofen,3.3,17.7,54.3,24.4,3.7
4074,Oberwil-Lieli,5.4,18.8,55.3,25.5,0.4
4075,Rudolfstetten-Friedlisberg,4.9,22.2,48.8,28.6,0.4
4076,Sarmenstorf,8.3,12.0,58.3,29.5,0.2
4077,Tägerig,3.3,17.1,41.5,40.2,1.2
4078,Uezwil,2.5,6.1,66.1,27.8,0.0
4079,Unterlunkhofen,4.5,9.8,51.4,25.8,12.9
4080,Villmergen,12.0,22.0,43.0,34.6,0.4
4081,Widen,2.6,40.5,42.1,15.8,1.5
4082,Wohlen (AG),12.4,33.7,38.1,27.7,0.6
4083,Zufikon,4.8,24.4,46.9,26.0,2.7
4084,Islisberg,1.7,9.7,68.5,21.8,0.0
4091,Auenstein,5.7,20.8,29.5,44.4,5.2
4092,Birr,5.0,30.0,35.1,34.9,0.0
4093,Birrhard,3.0,12.3,52.5,33.6,1.7
4094,Bözen,3.9,11.2,66.6,21.9,0.3
4095,Brugg,6.3,50.9,14.2,27.6,7.3
4096,Effingen,6.9,8.4,43.4,47.0,1.2
4097,Elfingen,4.2,3.8,46.1,49.6,0.5
4099,Habsburg,2.2,9.0,30.0,61.0,0.0
4100,Hausen (AG),3.2,29.9,22.0,47.8,0.3
4104,Lupfig,5.1,26.8,49.0,23.7,0.4
4105,Mandach,5.6,6.3,67.3,26.4,0.0
4106,Mönthal,3.9,8.7,45.3,46.1,0.0
4107,Mülligen,3.2,28.3,36.8,32.1,2.9
4110,Remigen,7.9,7.1,36.3,56.1,0.5
4111,Riniken,4.8,12.4,30.5,56.8,0.2
4112,Rüfenach,4.2,11.5,47.4,40.7,0.5
4113,Scherz,3.3,11.7,54.7,33.0,0.6
4114,Schinznach-Bad,1.9,45.5,5.3,39.2,10.1
4117,Thalheim (AG),9.8,5.8,50.3,43.8,0.1
4120,Veltheim (AG),5.2,15.6,47.9,32.5,4.0
4121,Villigen,11.2,13.5,34.6,49.1,2.8
4122,Villnachern,5.7,12.7,29.4,50.2,7.7
4123,Windisch,4.9,45.3,23.6,24.8,6.3
4124,Bözberg,15.6,6.9,53.7,39.3,0.1
4125,Schinznach,12.2,12.2,41.8,43.6,2.4
4131,Beinwil am See,3.9,31.7,47.8,19.7,0.8
4132,Birrwil,3.4,13.1,58.4,28.5,0.0
4133,Burg (AG),0.9,33.7,43.5,22.8,0.0
4134,Dürrenäsch,5.9,12.9,49.7,37.3,0.2
4135,Gontenschwil,9.8,13.5,60.1,25.9,0.5
4136,Holziken,2.9,15.7,43.6,39.4,1.4
4137,Leimbach (AG),1.1,16.1,51.8,32.1,0.0
4138,Leutwil,3.8,10.9,50.5,38.6,0.0
4139,Menziken,6.4,29.1,47.4,23.2,0.3
4140,Oberkulm,9.4,11.7,52.0,36.1,0.2
4141,Reinach (AG),9.5,28.2,44.5,27.0,0.3
4142,Schlossrued,7.3,7.9,60.7,31.1,0.3
4143,Schmiedrued,8.6,7.8,64.6,27.6,0.0
4144,Schöftland,6.2,24.0,35.6,40.0,0.3
4145,Teufenthal (AG),3.6,17.2,39.4,43.4,0.0
4146,Unterkulm,8.9,14.1,46.5,39.1,0.2
4147,Zetzwil,5.8,10.1,52.0,37.8,0.2
4161,Eiken,7.0,23.3,44.8,30.8,1.1
4163,Frick,10.0,24.1,46.0,29.3,0.6
4164,Gansingen,8.8,7.8,54.1,37.9,0.2
4165,Gipf-Oberfrick,10.2,10.1,49.0,40.6,0.3
4166,Herznach,6.3,11.5,63.5,24.6,0.3
4167,Hornussen,7.3,11.2,48.6,39.6,0.5
4169,Kaisten,18.1,10.1,43.3,44.8,1.8
4170,Laufenburg,14.5,12.5,38.5,46.3,2.8
4172,Münchwilen (AG),2.5,28.2,39.9,31.5,0.4
4173,Oberhof,8.2,5.9,52.5,41.7,0.0
4175,Oeschgen,4.4,14.1,66.9,18.1,0.9
4176,Schwaderloch,2.8,11.5,35.8,41.9,10.8
4177,Sisseln,2.6,34.4,31.7,19.3,14.7
4179,Ueken,5.1,9.2,51.7,38.7,0.4
4181,Wittnau,11.3,6.7,39.3,53.8,0.3
4182,Wölflinswil,9.5,6.4,62.4,31.1,0.1
4183,Zeihen,6.9,8.5,50.7,40.5,0.3
4184,Mettauertal,21.6,7.5,51.2,40.1,1.3
4191,Ammerswil,3.2,9.1,33.1,57.8,0.0
4192,Boniswil,2.4,20.4,58.7,8.1,12.8
4193,Brunegg,1.5,30.5,43.0,26.5,0.0
4194,Dintikon,3.7,18.8,39.0,42.2,0.0
4195,Egliswil,6.3,8.2,51.8,39.5,0.5
4196,Fahrwangen,4.0,17.4,57.1,25.0,0.5
4197,Hallwil,2.2,19.3,68.2,12.6,0.0
4198,Hendschiken,3.5,17.7,57.5,24.5,0.3
4199,Holderbank (AG),2.3,30.6,19.0,36.2,14.2
4200,Hunzenschwil,3.3,41.1,34.0,24.5,0.3
4201,Lenzburg,11.4,28.2,21.8,49.5,0.5
4202,Meisterschwanden,4.3,23.7,57.2,18.6,0.5
4203,Möriken-Wildegg,6.6,25.2,37.6,35.2,2.1
4204,Niederlenz,3.3,43.6,29.6,25.9,0.9
4205,Othmarsingen,4.7,24.4,34.5,40.7,0.4
4206,Rupperswil,6.2,29.1,30.1,37.2,3.6
4207,Schafisheim,6.4,20.8,37.9,40.9,0.5
4208,Seengen,9.6,13.8,51.7,32.5,2.0
4209,Seon,9.7,19.6,50.9,29.3,0.1
4210,Staufen,3.5,27.1,40.7,32.2,0.0
4221,Abtwil,4.2,8.2,69.6,22.2,0.0
4222,Aristau,8.7,9.2,68.7,15.2,7.0
4223,Auw,8.6,9.5,66.1,24.2,0.2
4224,Beinwil (Freiamt),11.3,6.6,75.4,17.8,0.2
4226,Besenbüren,2.4,12.3,67.2,20.0,0.4
4227,Bettwil,4.3,9.6,68.8,21.4,0.2
4228,Boswil,11.8,10.9,66.0,22.0,1.2
4229,Bünzen,5.8,10.1,60.8,28.4,0.7
4230,Buttwil,4.5,12.4,64.7,22.8,0.0
4231,Dietwil,5.5,8.9,72.3,17.0,1.8
4232,Geltwil,3.3,4.8,80.1,15.1,0.0
4233,Kallern,2.7,9.3,77.3,13.4,0.0
4234,Merenschwand,13.6,11.2,66.5,14.3,8.0
4235,Mühlau,5.5,10.9,70.1,13.2,5.8
4236,Muri (AG),12.3,20.2,58.3,20.9,0.6
4237,Oberrüti,5.3,9.9,70.5,15.4,4.1
4238,Rottenschwil,4.5,7.4,55.6,24.0,13.0
4239,Sins,20.2,9.6,72.3,17.5,0.5
4240,Waltenschwil,4.6,22.5,56.3,20.7,0.4
4251,Hellikon,7.1,6.5,60.9,32.6,0.0
4252,Kaiseraugst,4.9,40.9,20.1,32.1,6.9
4253,Magden,11.0,11.0,47.1,41.8,0.2
4254,Möhlin,18.9,18.5,41.9,36.4,3.2
4255,Mumpf,3.1,22.1,26.9,42.6,8.3
4256,Obermumpf,5.0,9.1,52.6,38.1,0.2
4257,Olsberg,4.6,5.4,34.3,60.1,0.2
4258,Rheinfelden,16.0,22.6,20.7,50.0,6.7
4259,Schupfart,7.0,7.0,60.3,32.5,0.1
4260,Stein (AG),2.8,39.1,28.5,22.1,10.3
4261,Wallbach,4.5,18.1,43.5,29.5,8.9
4262,Wegenstetten,7.1,8.3,57.9,33.7,0.1
4263,Zeiningen,11.4,11.9,43.9,44.2,0.1
4264,Zuzgen,8.3,5.4,59.7,34.7,0.1
4271,Aarburg,4.4,45.7,19.2,31.0,4.1
4272,Attelwil,2.2,13.2,52.3,34.5,0.0
4273,Bottenwil,5.1,8.8,48.4,42.4,0.4
4274,Brittnau,13.7,11.8,52.9,34.6,0.7
4275,Kirchleerau,4.4,8.5,41.5,50.0,0.0
4276,Kölliken,8.8,23.1,33.0,43.6,0.3
4277,Moosleerau,3.9,11.9,60.0,27.8,0.3
4279,Murgenthal,18.6,8.1,27.8,62.9,1.2
4280,Oftringen,12.9,30.6,35.5,33.8,0.1
4281,Reitnau,5.8,11.7,52.0,35.9,0.3
4282,Rothrist,11.8,30.8,34.0,33.0,2.3
4283,Safenwil,6.0,26.7,27.5,45.6,0.2
4284,Staffelbach,9.0,7.0,53.3,39.1,0.6
4285,Strengelbach,6.0,22.9,31.7,44.5,0.8
4286,Uerkheim,7.1,11.2,48.2,40.4,0.3
4287,Vordemwald,10.2,7.2,34.7,57.9,0.2
4288,Wiliberg,1.2,11.7,70.8,17.5,0.0
4289,Zofingen,11.1,33.2,18.8,47.4,0.6
4301,Baldingen,2.8,11.4,57.3,31.3,0.0
4302,Böbikon,2.6,7.3,54.8,37.9,0.0
4303,Böttstein,7.5,20.7,33.8,34.9,10.6
4304,Döttingen,7.0,26.0,32.4,34.7,6.9
4305,Endingen,11.9,8.8,47.5,43.3,0.3
4306,Fisibach,5.8,8.5,43.3,45.9,2.3
4307,Full-Reuenthal,4.9,13.6,53.5,22.2,10.7
4308,Kaiserstuhl,0.3,45.2,35.5,9.7,9.7
4309,Klingnau,6.7,19.2,37.9,34.7,8.2
4310,Koblenz,4.1,19.7,41.6,29.3,9.4
4311,Leibstadt,6.4,18.5,43.8,34.2,3.5
4312,Lengnau (AG),12.6,9.7,52.5,37.7,0.1
4313,Leuggern,13.7,9.1,47.4,37.1,6.3
4314,Mellikon,2.7,17.8,27.5,50.6,4.1
4315,Rekingen (AG),3.1,25.3,13.8,57.1,3.8
4316,Rietheim,3.9,8.4,46.6,39.4,5.6
4317,Rümikon,2.9,8.5,40.6,44.4,6.5
4318,Schneisingen,8.3,9.3,49.3,41.4,0.0
4319,Siglistorf,5.5,6.0,41.4,52.3,0.4
4320,Tegerfelden,7.1,10.1,51.8,37.3,0.8
4322,Wislikofen,3.7,10.7,53.6,35.7,0.0
4323,Bad Zurzach,6.5,27.9,25.1,42.6,4.4
4401,Arbon,5.9,62.2,32.2,4.2,1.3
4406,Dozwil,1.3,21.4,77.9,0.8,0.0
4411,Egnach,18.5,14.7,77.7,6.0,1.6
4416,Hefenhofen,6.1,13.4,66.3,20.2,0.2
4421,Horn,1.7,53.4,37.9,7.5,1.1
4426,Kesswil,4.4,16.5,54.1,29.4,0.0
4431,Roggwil (TG),11.9,14.4,73.8,11.6,0.3
4436,Romanshorn,8.7,36.1,39.0,23.4,1.5
4441,Salmsach,2.6,20.2,72.2,6.8,0.8
4446,Sommeri,4.2,7.0,68.7,24.3,0.0
4451,Uttwil,4.4,19.2,49.7,29.7,1.4
4461,Amriswil,19.0,20.5,66.2,12.8,0.4
4471,Bischofszell,11.7,18.5,53.3,24.6,3.7
4476,Erlen,12.2,15.3,68.8,15.0,0.9
4486,Hauptwil-Gottshaus,12.5,8.0,70.5,17.7,3.8
4495,Hohentannen,8.0,9.0,73.0,16.8,1.3
4501,Kradolf-Schönenberg,10.9,14.1,59.7,23.1,3.1
4506,Sulgen,9.1,19.2,66.4,13.2,1.2
4511,Zihlschlacht-Sitterdorf,12.2,11.6,71.0,16.5,0.9
4536,Basadingen-Schlattingen,15.7,8.2,59.3,31.8,0.7
4545,Diessenhofen,10.0,17.1,40.3,37.0,5.6
4546,Schlatt (TG),15.5,9.3,49.8,37.5,3.4
4551,Aadorf,19.9,18.2,53.3,28.0,0.5
4561,Felben-Wellhausen,7.3,15.5,55.4,26.0,3.0
4566,Frauenfeld,27.4,30.2,42.8,24.4,2.6
4571,Gachnang,9.8,17.6,64.4,16.9,1.0
4590,Hüttlingen,11.6,6.0,51.3,40.9,1.7
4591,Matzingen,7.7,15.3,57.1,26.7,0.9
4601,Neunforn,11.4,6.8,65.8,24.2,3.3
4606,Stettfurt,6.3,9.2,65.0,25.4,0.5
4611,Thundorf,15.6,6.3,56.3,37.1,0.3
4616,Uesslingen-Buch,14.0,6.9,74.2,14.9,4.0
4621,Warth-Weiningen,8.2,13.2,53.5,27.8,5.5
4641,Altnau,6.7,16.0,68.5,14.8,0.7
4643,Bottighofen,2.4,30.4,32.5,35.4,1.7
4646,Ermatingen,10.4,14.3,40.6,42.0,3.1
4651,Gottlieben,0.4,38.9,16.7,16.7,27.8
4656,Güttingen,9.5,11.3,60.0,28.6,0.1
4666,Kemmental,25.1,7.7,67.8,23.4,1.0
4671,Kreuzlingen,11.5,48.1,21.3,27.5,3.0
4681,Langrickenbach,10.9,9.4,73.0,17.1,0.5
4683,Lengwil,8.8,12.4,68.6,18.3,0.7
4691,Münsterlingen,5.4,26.3,53.1,20.0,0.6
4696,Tägerwilen,11.5,18.2,43.6,36.7,1.5
4701,Wäldi,12.2,13.7,69.6,16.7,0.1
4711,Affeltrangen,14.4,11.1,72.5,14.6,1.7
4716,Bettwiesen,3.9,14.3,62.3,22.9,0.5
4721,Bichelsee-Balterswil,12.2,10.0,50.4,37.8,1.9
4723,Braunau,9.2,5.1,69.0,25.5,0.4
4724,Eschlikon,6.2,21.8,58.2,19.5,0.5
4726,Fischingen,30.7,6.3,46.7,46.2,0.8
4741,Lommis,8.6,9.5,62.1,26.1,2.3
4746,Münchwilen (TG),7.8,25.4,63.3,10.5,0.8
4751,Rickenbach (TG),1.6,40.4,45.5,11.5,2.6
4756,Schönholzerswilen,10.9,7.5,70.5,21.6,0.4
4761,Sirnach,12.4,22.1,50.6,24.7,2.7
4776,Tobel-Tägerschen,7.1,13.3,57.4,29.1,0.3
4781,Wängi,16.5,14.3,68.1,16.9,0.6
4786,Wilen (TG),2.3,23.3,52.0,19.8,4.8
4791,Wuppenau,12.1,7.5,73.5,18.9,0.1
4801,Berlingen,3.6,13.5,26.8,59.7,0.0
4806,Eschenz,12.0,10.4,52.2,36.3,1.1
4811,Herdern,13.7,5.6,67.2,27.1,0.1
4816,Homburg,24.1,6.1,69.0,24.5,0.4
4821,Hüttwilen,17.7,7.2,57.7,30.3,4.8
4826,Mammern,5.4,12.5,44.6,42.9,0.0
4831,Müllheim,8.8,17.2,50.7,29.5,2.6
4841,Pfyn,13.1,9.1,58.0,29.5,3.4
4846,Raperswilen,7.7,5.3,67.4,27.0,0.3
4851,Salenstein,6.5,13.8,34.9,50.9,0.3
4864,Steckborn,8.8,18.1,33.9,47.9,0.1
4871,Wagenhausen,11.8,11.3,53.8,28.9,5.9
4881,Amlikon-Bissegg,14.5,8.5,68.0,22.0,1.5
4891,Berg (TG),13.1,12.3,70.0,17.1,0.7
4901,Birwinken,12.3,8.0,75.9,15.8,0.3
4911,Bürglen (TG),11.7,17.5,61.2,17.7,3.7
4921,Bussnang,19.0,9.2,70.2,19.0,1.6
4941,Märstetten,9.9,13.8,65.5,19.8,0.9
4946,Weinfelden,15.5,27.2,49.4,21.6,1.9
4951,Wigoltingen,17.2,11.6,74.7,12.3,1.5
5001,Arbedo-Castione,21.3,9.8,6.8,78.6,4.8
5002,Bellinzona,19.1,26.7,8.5,61.6,3.2
5003,Cadenazzo,8.4,17.3,24.6,55.2,2.8
5004,Camorino,8.3,16.3,15.1,65.7,2.9
5005,Giubiasco,6.2,40.9,38.5,19.3,1.3
5006,Gnosca,7.5,7.0,12.1,77.3,3.6
5007,Gorduno,9.2,6.8,9.3,72.8,11.1
5008,Gudo,9.9,4.7,27.2,62.1,6.1
5009,Isone,12.9,3.5,18.3,66.6,11.6
5010,Lumino,10.0,6.4,12.2,75.5,6.0
5012,Moleno,7.4,4.0,7.2,80.2,8.6
5013,Monte Carasso,9.7,8.3,9.5,63.1,19.1
5014,Pianezzo,8.0,5.1,2.7,88.8,3.4
5015,Preonzo,16.5,3.7,8.1,59.1,29.1
5017,Sant'Antonino,6.6,19.4,34.4,43.5,2.7
5018,Sant'Antonio,33.6,1.0,7.6,81.6,9.7
5019,Sementina,8.4,12.0,15.1,66.7,6.2
5048,Acquarossa,61.6,3.5,21.3,56.2,18.9
5049,Blenio,202.2,1.3,24.8,29.3,44.6
5050,Serravalle,96.9,1.8,12.4,47.2,38.6
5061,Airolo,94.5,2.8,29.5,23.8,43.9
5063,Bedretto,75.2,1.0,24.6,15.1,59.4
5064,Bodio,6.4,13.9,3.0,70.6,12.6
5071,Dalpe,14.5,2.1,16.3,49.7,31.9
5072,Faido,126.1,3.3,14.2,51.2,31.2
5073,Giornico,19.5,7.8,4.5,63.6,24.2
5076,Personico,39.1,1.5,4.6,64.7,29.2
5077,Pollegio,5.9,15.5,10.1,64.2,10.1
5078,Prato (Leventina),16.9,3.4,17.1,46.9,32.5
5079,Quinto,75.2,2.7,28.2,28.5,40.6
5081,Sobrio,6.4,3.4,16.1,71.5,8.9
5091,Ascona,5.0,60.6,7.2,30.3,1.8
5095,Brione (Verzasca),48.5,0.8,5.1,50.2,43.9
5096,Brione sopra Minusio,3.8,8.7,5.0,75.5,10.8
5097,Brissago,17.8,7.5,5.6,70.0,16.8
5102,Corippo,7.7,0.3,3.2,64.6,31.9
5105,Frasco,25.8,0.9,7.3,45.0,46.9
5108,Gordola,7.0,21.1,10.4,61.6,6.8
5109,Gresso,11.1,0.6,12.7,67.4,19.3
5112,Lavertezzo,58.1,1.0,7.9,51.3,39.8
5113,Locarno,19.4,26.3,32.0,30.5,11.2
5115,Losone,9.5,25.5,5.9,64.4,4.2
5117,Mergoscia,12.2,2.3,8.8,71.4,17.5
5118,Minusio,5.9,33.9,8.9,55.2,2.0
5119,Mosogno,8.6,0.8,2.1,86.5,10.6
5120,Muralto,0.6,93.5,3.2,1.6,1.6
5121,Orselina,2.0,27.6,1.5,70.9,0.0
5125,Ronco sopra Ascona,5.0,14.0,2.4,74.8,8.8
5129,Sonogno,37.6,0.5,14.0,30.0,55.5
5131,Tenero-Contra,3.7,39.8,10.8,45.3,4.1
5132,Vergeletto,40.7,0.7,14.5,48.7,36.0
5135,Vogorno,23.9,1.5,11.9,59.7,26.9
5136,Onsernone,29.9,1.4,5.6,83.3,9.7
5137,Isorno,17.1,1.5,5.5,79.8,13.2
5138,Cugnasco-Gerra,35.8,4.0,9.1,63.8,23.2
5141,Agno,2.5,55.0,22.1,20.1,2.8
5143,Aranno,2.7,8.1,4.8,86.0,1.1
5144,Arogno,8.6,6.5,10.2,82.8,0.5
5146,Astano,3.8,8.9,8.6,82.2,0.3
5148,Bedano,1.9,29.7,14.6,51.6,4.2
5149,Bedigliora,2.5,16.6,8.1,74.5,0.8
5151,Bioggio,6.5,26.3,17.3,54.4,2.0
5154,Bissone,1.8,19.1,0.0,79.8,1.1
5160,Brusino Arsizio,4.1,9.3,2.9,87.7,0.0
5161,Cademario,3.9,11.0,10.0,78.0,1.0
5162,Cadempino,0.8,69.7,3.9,25.0,1.3
5167,Canobbio,1.3,55.4,5.4,35.4,3.8
5171,Caslano,2.8,49.5,7.8,39.5,3.2
5176,Comano,2.0,34.5,10.8,54.2,0.5
5178,Croglio,4.4,16.5,16.5,66.4,0.7
5180,Cureglia,1.1,50.9,6.5,42.6,0.0
5181,Curio,2.9,9.5,8.8,79.6,2.1
5186,Grancia,0.6,55.6,3.2,36.5,4.8
5187,Gravesano,0.6,59.4,15.6,25.0,0.0
5189,Lamone,1.8,41.3,12.0,45.1,1.6
5192,Lugano,75.9,18.6,9.6,66.3,5.6
5193,Magliaso,1.1,70.9,19.1,6.4,3.6
5194,Manno,2.4,40.0,22.1,35.4,2.5
5195,Maroggia,1.0,32.0,4.1,60.8,3.1
5196,Massagno,0.7,98.6,0.0,1.4,0.0
5197,Melano,4.7,16.3,4.0,73.9,5.7
5198,Melide,1.6,33.5,0.6,64.6,1.2
5199,Mezzovico-Vira,10.2,10.1,11.1,66.4,12.4
5200,Miglieglia,5.1,3.3,7.6,76.7,12.3
5202,Monteggio,3.4,23.8,27.7,45.2,3.3
5203,Morcote,2.8,16.0,2.5,81.5,0.0
5205,Muzzano,1.6,47.4,18.6,17.3,16.7
5206,Neggio,0.9,21.6,11.4,62.5,4.5
5207,Novaggio,4.4,10.6,13.1,75.4,0.9
5208,Origlio,2.1,28.0,12.8,55.0,4.3
5210,Paradiso,0.9,63.2,4.6,31.0,1.1
5212,Ponte Capriasca,6.2,8.8,12.2,52.8,26.2
5213,Ponte Tresa,0.4,51.2,2.4,39.0,7.3
5214,Porza,1.6,45.9,14.5,39.6,0.0
5216,Pura,3.1,17.5,9.4,72.5,0.6
5219,Rovio,5.5,6.9,7.1,79.4,6.7
5221,Savosa,0.7,73.0,12.2,13.5,1.4
5222,Sessa,2.8,13.4,26.4,59.5,0.7
5225,Sorengo,0.9,60.9,20.7,17.2,1.1
5226,Capriasca,36.3,7.1,21.0,65.1,6.8
5227,Torricella-Taverne,5.2,20.1,8.8,69.6,1.5
5230,Vernate,1.5,18.5,4.6,74.8,2.0
5231,Vezia,1.4,60.1,16.7,23.2,0.0
5233,Vico Morcote,1.9,16.0,13.3,70.7,0.0
5236,Collina d'Oro,6.1,38.6,11.4,48.4,1.6
5237,Alto Malcantone,21.9,3.5,15.5,68.4,12.7
5238,Monteceneri,37.0,9.0,8.5,77.3,5.2
5242,Balerna,2.6,81.9,10.4,5.4,2.3
5249,Castel San Pietro,11.8,9.1,20.8,68.2,1.9
5250,Chiasso,5.3,36.4,14.2,48.7,0.8
5251,Coldrerio,2.5,43.1,42.7,14.1,0.0
5254,Mendrisio,31.9,21.1,16.5,61.3,1.1
5257,Morbio Inferiore,2.3,57.1,20.8,20.3,1.7
5260,Novazzano,5.2,27.7,40.0,31.1,1.2
5263,Riva San Vitale,5.9,16.2,10.3,72.2,1.3
5266,Stabio,6.2,35.3,34.2,28.7,1.8
5268,Vacallo,1.6,52.5,13.0,33.3,1.2
5269,Breggia,25.6,4.1,13.4,81.8,0.7
5281,Biasca,59.1,5.5,10.5,46.6,37.4
5282,Claro,21.2,6.8,13.6,72.0,7.5
5283,Cresciano,17.2,3.4,6.7,58.3,31.6
5284,Iragna,18.3,3.9,7.6,69.9,18.6
5285,Lodrino,31.6,4.2,8.8,68.2,18.8
5286,Osogna,19.0,4.4,3.9,62.5,29.3
5304,Bosco/Gurin,22.1,0.6,24.3,30.9,44.2
5307,Campo (Vallemaggia),43.3,0.8,8.5,49.9,40.7
5309,Cerentino,20.1,1.3,5.0,71.9,21.7
5310,Cevio,151.3,1.0,6.0,37.1,56.0
5315,Linescio,6.6,1.5,2.7,69.7,26.1
5317,Maggia,111.1,2.1,4.6,69.9,23.4
5323,Lavizzara,187.5,0.8,10.8,35.1,53.3
5324,Avegno Gordevio,27.3,3.7,9.3,66.5,20.5
5396,Terre di Pedemonte,11.4,10.9,5.9,69.9,13.3
5397,Centovalli,51.4,2.5,4.7,77.8,15.0
5398,Gambarogno,51.7,8.4,9.3,75.8,6.6
5401,Aigle,16.5,25.5,33.9,37.2,3.3
5402,Bex,96.6,4.6,26.8,33.6,35.0
5403,Chessel,3.6,11.0,62.0,20.8,6.2
5404,Corbeyrier,22.0,2.3,36.2,54.4,7.1
5405,Gryon,15.2,11.2,28.3,52.2,8.3
5406,Lavey-Morcles,14.1,5.2,18.4,63.2,13.3
5407,Leysin,18.5,7.7,35.0,37.3,20.0
5408,Noville,10.3,8.5,41.6,35.1,14.7
5409,Ollon,59.5,10.6,40.1,45.6,3.7
5410,Ormont-Dessous,64.0,3.2,38.9,45.4,12.4
5411,Ormont-Dessus,61.7,3.6,33.5,32.9,30.0
5412,Rennaz,2.2,30.8,67.0,1.8,0.5
5413,Roche (VD),6.4,17.2,51.2,30.0,1.7
5414,Villeneuve (VD),32.1,8.2,26.6,55.1,10.1
5415,Yvorne,12.2,9.7,47.4,39.6,3.4
5421,Apples,13.0,6.3,46.0,47.6,0.0
5422,Aubonne,9.4,17.9,63.7,17.4,1.1
5423,Ballens,8.5,5.7,63.9,29.4,1.1
5424,Berolle,9.6,2.6,35.6,61.5,0.3
5425,Bière,25.0,6.7,38.3,51.5,3.5
5426,Bougy-Villars,1.8,38.8,38.2,22.5,0.6
5427,Féchy,2.7,22.9,70.1,6.6,0.4
5428,Gimel,18.9,5.7,32.0,61.6,0.7
5429,Longirod,9.5,3.2,39.2,57.3,0.3
5430,Marchissy,11.9,2.9,32.0,65.0,0.1
5431,Mollens (VD),11.1,2.3,46.8,50.2,0.7
5432,Montherod,5.0,7.3,46.7,45.7,0.4
5434,Saint-George,12.3,5.8,17.7,76.4,0.2
5435,Saint-Livres,8.1,6.5,49.6,43.0,0.9
5436,Saint-Oyens,3.0,4.9,56.6,38.5,0.0
5437,Saubraz,3.7,7.0,46.2,45.7,1.1
5451,Avenches,19.4,18.4,64.2,16.5,0.9
5456,Cudrefin,15.9,8.0,60.6,22.7,8.7
5458,Faoug,3.5,19.6,54.8,25.1,0.6
5464,Vully-les-Lacs,21.1,11.7,67.0,17.4,3.8
5471,Bettens,3.8,12.3,72.8,14.7,0.3
5472,Bournens,3.9,7.5,74.7,16.2,1.5
5473,Boussens,3.2,9.1,77.7,13.2,0.0
5474,La Chaux (Cossonay),6.8,6.2,76.1,17.1,0.6
5475,Chavannes-le-Veyron,2.7,6.0,68.0,25.6,0.4
5476,Chevilly,3.8,5.6,76.7,17.5,0.3
5477,Cossonay,8.2,14.1,62.5,23.2,0.2
5478,Cottens (VD),2.4,11.3,74.2,14.6,0.0
5479,Cuarnens,7.1,4.7,64.7,30.5,0.1
5480,Daillens,5.5,14.4,65.4,20.0,0.2
5481,Dizy,3.1,7.4,69.7,22.9,0.0
5482,Eclépens,5.8,19.9,52.7,26.1,1.2
5483,Ferreyres,3.2,6.0,52.0,41.1,0.9
5484,Gollion,5.5,8.2,80.4,11.2,0.2
5485,Grancy,5.7,4.8,68.4,26.5,0.4
5486,L'Isle,16.3,5.4,47.8,46.6,0.2
5487,Lussery-Villars,3.7,6.7,82.6,9.9,0.8
5488,Mauraz,0.5,8.5,80.9,10.6,0.0
5489,Mex (VD),2.9,16.7,54.5,28.8,0.0
5490,Moiry,6.7,3.1,41.5,55.3,0.0
5491,Mont-la-Ville,19.8,2.9,44.6,52.2,0.3
5492,Montricher,26.0,3.0,38.7,57.5,0.8
5493,Orny,5.5,6.9,76.0,16.2,0.9
5494,Pampigny,11.1,5.0,57.7,36.5,0.7
5495,Penthalaz,3.9,25.5,56.1,16.9,1.6
5496,Penthaz,3.9,17.4,66.6,13.5,2.6
5497,Pompaples,4.4,9.5,70.7,18.7,1.1
5498,La Sarraz,7.7,11.9,48.1,38.9,1.2
5499,Senarclens,3.9,7.1,87.8,5.1,0.0
5500,Sévery,2.4,5.8,83.8,10.4,0.0
5501,Sullens,3.9,16.2,71.1,12.7,0.0
5503,Vufflens-la-Ville,5.4,13.6,61.5,23.0,1.9
5511,Assens,5.3,9.0,79.7,11.1,0.2
5512,Bercher,4.2,16.3,56.8,26.4,0.5
5513,Bioley-Orjulaz,3.1,10.6,70.6,17.7,1.0
5514,Bottens,6.9,7.6,71.6,20.2,0.6
5515,Bretigny-sur-Morrens,2.9,10.9,64.9,24.2,0.0
5516,Cugy (VD),2.9,26.6,36.6,36.9,0.0
5518,Echallens,6.7,22.2,63.7,13.0,1.0
5520,Essertines-sur-Yverdon,9.7,6.0,68.2,25.6,0.2
5521,Etagnières,3.8,10.3,74.3,15.1,0.3
5522,Fey,7.4,5.7,68.0,26.2,0.1
5523,Froideville,7.1,10.3,38.3,51.3,0.0
5527,Morrens (VD),3.7,15.1,65.1,19.7,0.0
5529,Oulens-sous-Echallens,5.9,10.9,64.4,24.7,0.0
5530,Pailly,5.8,6.6,75.5,17.7,0.2
5531,Penthéréaz,5.7,5.4,64.3,30.1,0.2
5533,Poliez-Pittet,5.0,9.4,54.9,35.7,0.0
5534,Rueyres,2.0,11.1,70.7,18.2,0.0
5535,Saint-Barthélemy (VD),4.1,7.2,80.7,11.8,0.2
5537,Villars-le-Terroir,7.1,8.8,76.8,14.3,0.0
5539,Vuarrens,9.0,5.5,70.5,24.1,0.0
5540,Montilliez,11.8,7.2,71.3,21.5,0.0
5541,Goumoëns,10.7,7.1,72.0,20.4,0.5
5551,Bonvillars,7.5,6.4,48.9,44.0,0.7
5552,Bullet,16.9,5.3,47.5,46.5,0.7
5553,Champagne,3.9,9.9,51.4,36.6,2.0
5554,Concise,11.4,8.8,24.5,66.5,0.3
5555,Corcelles-près-Concise,4.1,12.5,45.7,41.6,0.2
5556,Fiez,6.8,2.9,61.9,34.7,0.4
5557,Fontaines-sur-Grandson,7.9,2.4,47.1,50.1,0.4
5559,Giez,4.8,5.7,58.6,35.3,0.4
5560,Grandevent,3.5,3.2,45.5,51.3,0.0
5561,Grandson,7.9,23.9,64.6,8.7,2.8
5562,Mauborget,5.5,4.2,25.3,70.3,0.2
5563,Mutrux,3.2,3.4,34.2,62.4,0.0
5564,Novalles,2.1,4.4,46.6,49.0,0.0
5565,Onnens (VD),5.1,9.4,41.5,49.1,0.0
5566,Provence,31.9,2.2,54.5,43.1,0.2
5568,Sainte-Croix,39.3,7.0,41.2,49.8,2.0
5571,Tévenon,14.2,3.1,40.7,56.0,0.2
5581,Belmont-sur-Lausanne,2.6,33.8,35.8,30.4,0.0
5582,Cheseaux-sur-Lausanne,4.6,24.1,60.6,14.7,0.7
5583,Crissier,5.5,48.2,25.2,26.4,0.2
5584,Epalinges,4.6,56.1,18.6,25.3,0.0
5585,Jouxtens-Mézery,1.9,47.9,41.1,10.9,0.0
5586,Lausanne,41.3,44.6,16.1,39.1,0.1
5587,Le Mont-sur-Lausanne,9.8,30.3,51.4,18.4,0.0
5588,Paudex,0.5,80.0,8.0,10.0,2.0
5589,Prilly,2.2,82.6,11.0,6.4,0.0
5590,Pully,5.9,55.5,20.3,23.9,0.3
5591,Renens (VD),3.0,94.2,3.4,2.4,0.0
5592,Romanel-sur-Lausanne,2.9,37.3,58.9,3.8,0.0
5601,Chexbres,2.2,32.4,50.9,16.2,0.5
5604,Forel (Lavaux),18.5,7.8,64.3,27.6,0.3
5606,Lutry,8.5,35.9,43.4,20.0,0.7
5607,Puidoux,22.9,10.5,62.4,24.3,2.8
5609,Rivaz,0.3,23.3,70.0,0.0,6.7
5610,Saint-Saphorin (Lavaux),0.9,31.0,57.5,11.5,0.0
5611,Savigny,16.1,12.2,57.4,30.3,0.1
5613,Bourg-en-Lavaux,9.7,24.4,63.0,11.8,0.8
5621,Aclens,3.9,16.9,68.7,13.6,0.8
5622,Bremblens,3.0,11.9,67.5,20.0,0.7
5623,Buchillon,2.2,25.6,41.4,31.2,1.9
5624,Bussigny,4.8,48.5,33.5,17.4,0.6
5625,Bussy-Chardonney,3.1,10.5,81.0,8.5,0.0
5627,Chavannes-près-Renens,1.7,65.1,23.5,9.0,2.4
5628,Chigny,0.9,17.2,75.9,6.9,0.0
5629,Clarmont,1.0,7.9,81.2,10.9,0.0
5631,Denens,3.3,11.6,85.1,3.0,0.3
5632,Denges,1.7,44.6,48.8,5.4,1.2
5633,Echandens,3.9,29.0,52.2,18.0,0.8
5634,Echichens,13.3,10.0,80.7,9.0,0.3
5635,Ecublens (VD),5.7,59.8,27.4,11.6,1.2
5636,Etoy,4.9,26.3,66.8,6.7,0.2
5637,Lavigny,4.0,12.6,81.6,5.0,0.8
5638,Lonay,3.7,32.5,59.6,7.3,0.5
5639,Lully (VD),2.0,20.8,65.8,12.9,0.5
5640,Lussy-sur-Morges,2.4,11.9,74.2,13.1,0.8
5642,Morges,3.9,73.3,21.0,4.7,1.0
5643,Préverenges,1.8,60.9,33.2,5.4,0.5
5644,Reverolle,1.1,15.8,82.5,1.8,0.0
5645,Romanel-sur-Morges,1.7,16.6,66.9,16.6,0.0
5646,Saint-Prex,5.5,38.5,52.7,8.4,0.4
5648,Saint-Sulpice (VD),1.8,77.5,15.4,7.1,0.0
5649,Tolochenaz,1.6,57.2,34.6,6.9,1.3
5650,Vaux-sur-Morges,2.1,10.6,75.8,13.5,0.0
5651,Villars-Sainte-Croix,1.7,37.3,53.6,9.0,0.0
5652,Villars-sous-Yens,3.0,6.6,76.9,16.5,0.0
5653,Vufflens-le-Château,2.2,18.4,68.7,12.9,0.0
5654,Vullierens,6.9,6.4,84.2,9.2,0.1
5655,Yens,9.6,7.3,54.2,38.3,0.2
5661,Boulens,3.4,5.0,61.7,32.7,0.6
5662,Brenles,3.8,3.9,65.1,30.4,0.5
5663,Bussy-sur-Moudon,3.1,7.4,70.2,22.3,0.0
5665,Chavannes-sur-Moudon,5.2,5.2,75.3,19.4,0.0
5666,Chesalles-sur-Moudon,1.7,10.2,78.3,11.4,0.0
5668,Cremin,1.7,6.7,67.9,25.5,0.0
5669,Curtilles,5.0,6.2,77.5,15.5,0.8
5671,Dompierre (VD),3.2,5.6,73.0,21.4,0.0
5672,Forel-sur-Lucens,2.9,5.6,75.8,18.6,0.0
5673,Hermenches,4.8,6.3,65.0,28.7,0.0
5674,Lovatens,3.5,3.8,78.3,17.9,0.0
5675,Lucens,7.8,18.0,42.9,36.8,2.3
5678,Moudon,15.7,16.5,46.7,35.0,1.8
5680,Ogens,3.4,8.0,61.7,30.4,0.0
5683,Prévonloup,1.8,7.7,80.2,12.1,0.0
5684,Rossenges,1.1,4.7,91.6,3.7,0.0
5686,Sarzens,1.5,9.0,75.9,15.2,0.0
5688,Syens,2.5,11.2,55.4,33.5,0.0
5690,Villars-le-Comte,4.2,4.5,70.2,25.3,0.0
5692,Vucherens,3.3,12.2,64.2,23.2,0.3
5693,Montanaire,33.5,5.4,69.8,24.6,0.1
5701,Arnex-sur-Nyon,2.1,8.6,75.7,15.2,0.5
5702,Arzier-Le Muids,51.9,3.1,25.3,71.1,0.5
5703,Bassins,20.9,3.4,35.5,61.0,0.1
5704,Begnins,4.8,14.0,68.7,17.1,0.2
5705,Bogis-Bossey,2.5,13.1,58.0,28.6,0.4
5706,Borex,2.0,21.0,77.4,1.5,0.0
5707,Chavannes-de-Bogis,2.9,24.0,58.2,12.2,5.6
5708,Chavannes-des-Bois,2.2,11.5,50.7,36.4,1.4
5709,Chéserex,10.6,12.7,36.0,49.8,1.5
5710,Coinsins,2.9,13.6,70.1,15.0,1.4
5711,Commugny,6.5,18.6,60.6,19.9,0.9
5712,Coppet,1.9,62.6,33.7,3.2,0.5
5713,Crans-près-Céligny,4.3,27.2,57.6,14.8,0.5
5714,Crassier,2.0,21.1,68.1,10.8,0.0
5715,Duillier,4.1,16.2,75.9,7.9,0.0
5716,Eysins,2.3,20.5,71.4,8.1,0.0
5717,Founex,4.8,32.3,65.4,2.3,0.0
5718,Genolier,4.9,18.7,44.8,35.3,1.2
5719,Gingins,12.6,6.3,34.3,58.7,0.7
5720,Givrins,4.0,13.7,42.5,43.5,0.3
5721,Gland,8.4,39.8,45.5,14.6,0.1
5722,Grens,2.6,9.3,88.7,1.9,0.0
5723,Mies,3.5,33.8,33.2,32.1,0.9
5724,Nyon,6.9,53.5,38.8,7.7,0.0
5725,Prangins,6.0,31.3,54.7,13.1,0.8
5726,La Rippe,16.6,3.6,35.6,60.2,0.5
5727,Saint-Cergue,24.3,5.8,27.6,66.0,0.5
5728,Signy-Avenex,1.9,21.9,75.5,2.6,0.0
5729,Tannay,1.8,39.2,47.0,13.8,0.0
5730,Trélex,5.9,14.7,51.3,33.8,0.2
5731,Le Vaud,3.1,19.6,50.6,29.5,0.3
5732,Vich,1.6,28.2,41.0,30.8,0.0
5741,L'Abergement,5.8,5.7,39.5,54.8,0.0
5742,Agiez,5.5,4.4,63.3,31.4,0.9
5743,Arnex-sur-Orbe,7.6,6.4,73.4,19.4,0.8
5744,Ballaigues,9.1,10.1,39.9,49.5,0.6
5745,Baulmes,22.6,4.0,40.0,55.0,1.0
5746,Bavois,9.3,7.6,74.6,16.6,1.2
5747,Bofflens,4.2,5.7,71.5,22.8,0.0
5748,Bretonnières,5.5,9.1,44.5,46.2,0.2
5749,Chavornay,11.1,14.8,65.7,15.6,3.9
5750,Les Clées,7.1,5.4,23.9,69.7,1.0
5751,Corcelles-sur-Chavornay,5.5,4.6,65.9,29.3,0.2
5752,Croy,4.5,6.0,45.3,48.4,0.2
5754,Juriens,9.3,3.0,46.6,50.3,0.1
5755,Lignerolle,10.6,4.7,48.6,46.4,0.3
5756,Montcherand,3.0,13.9,53.6,30.8,1.7
5757,Orbe,12.0,19.7,73.8,3.7,2.9
5758,La Praz,5.1,3.3,45.7,51.0,0.0
5759,Premier,6.0,3.0,48.0,49.0,0.0
5760,Rances,9.8,5.0,60.0,34.7,0.4
5761,Romainmôtier-Envy,7.0,5.9,27.4,66.6,0.1
5762,Sergey,1.5,14.3,66.7,19.0,0.0
5763,Valeyres-sous-Rances,6.4,6.9,81.4,11.0,0.8
5764,Vallorbe,23.2,9.4,22.1,66.7,1.9
5765,Vaulion,13.2,3.2,48.1,48.3,0.4
5766,Vuiteboeuf,5.1,8.6,48.0,43.1,0.2
5782,Carrouge (VD),5.4,9.4,70.8,19.8,0.0
5785,Corcelles-le-Jorat,8.0,5.8,52.3,41.9,0.0
5788,Essertes,1.7,9.0,74.1,16.9,0.0
5789,Ferlens (VD),2.2,7.4,69.9,22.7,0.0
5790,Maracon,4.4,6.1,67.6,22.7,3.6
5791,Mézières (VD),3.5,16.0,60.9,23.1,0.0
5792,Montpreveyres,4.1,9.2,40.6,49.9,0.2
5798,Ropraz,4.8,9.0,71.4,19.6,0.0
5799,Servion,6.3,16.4,64.5,19.1,0.0
5803,Vulliens,6.7,5.4,66.6,27.0,1.0
5804,Jorat-Menthue,17.7,6.3,57.5,36.1,0.1
5805,Oron,24.6,10.6,70.1,18.9,0.4
5812,Champtauroz,3.0,5.0,75.2,19.5,0.3
5813,Chevroux,4.4,9.4,47.8,19.1,23.7
5816,Corcelles-près-Payerne,12.1,10.9,82.5,4.4,2.3
5817,Grandcour,10.2,6.7,78.8,14.4,0.1
5819,Henniez,2.6,15.4,56.5,24.2,3.8
5821,Missy,3.1,9.8,85.9,3.3,1.0
5822,Payerne,24.2,23.4,59.7,14.8,2.1
5827,Trey,3.8,9.5,71.5,17.7,1.3
5828,Treytorrens (Payerne),3.1,4.8,74.5,20.6,0.0
5830,Villarzel,7.7,5.7,70.2,24.1,0.0
5831,Valbroye,33.5,7.3,66.9,25.3,0.5
5841,Château-d'Oex,113.6,2.9,44.6,35.9,16.6
5842,Rossinière,23.4,2.7,38.2,49.6,9.5
5843,Rougemont,48.6,2.7,47.8,34.1,15.5
5851,Allaman,2.6,22.0,60.0,17.3,0.8
5852,Bursinel,1.8,16.1,72.8,11.1,0.0
5853,Bursins,3.4,13.5,54.5,32.0,0.0
5854,Burtigny,5.7,6.0,58.3,34.1,1.6
5855,Dully,1.6,29.8,54.7,15.5,0.0
5856,Essertines-sur-Rolle,7.0,7.6,69.7,22.7,0.0
5857,Gilly,7.7,9.7,55.2,34.8,0.3
5858,Luins,2.7,13.5,74.9,11.2,0.4
5859,Mont-sur-Rolle,3.9,26.6,58.1,14.7,0.5
5860,Perroy,2.9,31.1,62.9,5.9,0.0
5861,Rolle,2.7,64.0,29.8,5.5,0.7
5862,Tartegnin,1.1,6.5,53.7,38.9,0.9
5863,Vinzel,1.1,13.0,67.6,19.4,0.0
5871,L'Abbaye,31.9,3.7,33.9,60.6,1.8
5872,Le Chenit,99.2,3.1,28.7,66.4,1.8
5873,Le Lieu,32.5,3.3,34.2,60.0,2.5
5881,Blonay,16.0,18.1,33.3,46.2,2.4
5882,Chardonne,10.3,15.5,47.0,37.1,0.4
5883,Corseaux,1.1,78.3,21.7,0.0,0.0
5884,Corsier-sur-Vevey,6.7,19.3,45.0,34.9,0.9
5885,Jongny,2.2,28.7,49.1,21.8,0.5
5886,Montreux,33.4,19.0,25.3,50.6,5.0
5888,Saint-Légier-La Chiésaz,15.2,19.2,33.9,45.1,1.8
5889,La Tour-de-Peilz,3.3,66.0,29.1,4.6,0.3
5890,Vevey,2.4,90.6,3.0,4.7,1.7
5891,Veytaux,6.7,5.4,14.6,74.4,5.7
5902,Belmont-sur-Yverdon,6.5,5.7,75.7,18.0,0.6
5903,Bioley-Magnoux,4.3,6.8,66.2,26.1,0.9
5904,Chamblon,2.9,24.7,49.8,23.0,2.4
5905,Champvent,9.0,5.5,70.9,23.2,0.3
5907,Chavannes-le-Chêne,4.0,5.8,82.5,11.3,0.5
5908,Chêne-Pâquier,2.1,5.3,70.2,24.5,0.0
5909,Cheseaux-Noréaz,6.1,10.4,26.0,52.4,11.2
5910,Cronay,6.6,5.8,61.0,32.6,0.6
5911,Cuarny,4.6,7.0,67.2,25.7,0.2
5912,Démoret,4.3,4.7,78.7,16.6,0.0
5913,Donneloye,9.0,6.7,69.1,23.9,0.3
5914,Ependes (VD),4.8,9.3,74.9,13.7,2.1
5915,Essert-Pittet,2.8,11.2,81.9,6.2,0.7
5919,Mathod,6.6,5.6,84.6,8.3,1.5
5921,Molondin,5.5,4.4,66.2,29.4,0.0
5922,Montagny-près-Yverdon,3.5,22.6,70.3,6.6,0.6
5923,Oppens,3.6,6.1,64.7,28.4,0.8
5924,Orges,4.0,6.0,80.8,13.2,0.0
5925,Orzens,4.2,4.8,79.5,15.7,0.0
5926,Pomy,5.6,6.1,77.8,16.1,0.0
5928,Rovray,3.2,6.6,74.3,19.1,0.0
5929,Suchy,6.7,3.4,59.4,37.1,0.0
5930,Suscévaz,4.1,3.9,83.1,10.9,2.2
5931,Treycovagnes,2.1,13.7,83.4,2.4,0.5
5932,Ursins,3.4,3.5,75.9,20.6,0.0
5933,Valeyres-sous-Montagny,2.3,16.2,60.3,23.6,0.0
5934,Valeyres-sous-Ursins,2.8,3.9,76.8,19.4,0.0
5935,Villars-Epeney,0.9,5.7,77.0,17.2,0.0
5937,Vugelles-La Mothe,3.1,4.2,30.6,63.5,1.6
5938,Yverdon-les-Bains,13.6,50.4,37.7,8.0,3.9
5939,Yvonand,13.4,12.9,52.4,32.0,2.7
6002,Brig-Glis,38.0,11.6,11.9,48.6,27.9
6004,Eggerberg,6.0,6.0,15.2,62.1,16.7
6007,Naters,147.2,1.8,17.7,13.9,66.6
6008,Ried-Brig,47.5,2.7,17.9,32.6,46.7
6009,Simplon,90.9,1.1,17.5,16.2,65.2
6010,Termen,18.8,3.3,42.6,29.6,24.5
6011,Zwischbergen,86.1,0.4,11.2,28.7,59.8
6021,Ardon,20.4,6.5,20.4,31.5,41.6
6022,Chamoson,32.4,7.1,24.8,31.2,37.0
6023,Conthey,85.1,5.0,23.3,26.3,45.4
6024,Nendaz,85.9,5.0,25.4,31.7,37.9
6025,Vétroz,10.4,18.4,47.8,19.8,14.0
6031,Bagnes,282.2,2.1,14.6,12.8,70.5
6032,Bourg-Saint-Pierre,90.2,0.8,27.4,7.4,64.5
6033,Liddes,60.2,1.3,31.1,25.7,41.9
6034,Orsières,165.0,1.8,15.9,26.9,55.4
6035,Sembrancher,17.7,4.3,16.8,64.9,14.0
6036,Vollèges,17.9,7.3,23.0,57.0,12.7
6052,Bellwald,13.7,5.2,37.7,24.4,32.7
6054,Binn,65.0,0.4,22.4,18.8,58.3
6055,Blitzingen,11.8,1.4,30.9,31.6,36.1
6056,Ernen,35.4,1.6,32.1,38.9,27.5
6057,Fiesch,11.3,6.7,29.5,42.4,21.5
6058,Fieschertal,173.0,0.1,2.4,2.5,95.0
6061,Lax,5.0,5.4,35.3,42.9,16.4
6064,Niederwald,4.7,1.9,30.3,47.9,19.9
6073,Grafschaft,22.6,1.2,21.8,23.3,53.7
6074,Münster-Geschinen,48.6,1.3,28.3,20.8,49.7
6075,Reckingen-Gluringen,41.3,1.4,23.9,19.6,55.1
6076,Obergoms,155.8,1.2,24.1,10.7,64.0
6081,Les Agettes,5.1,10.8,20.1,68.0,1.0
6082,Ayent,55.0,4.6,18.9,24.3,52.2
6083,Evolène,210.0,0.9,18.8,12.3,68.1
6084,Hérémence,107.6,1.7,19.4,19.7,59.2
6087,Saint-Martin (VS),37.0,2.5,31.2,46.3,20.0
6089,Vex,13.0,13.2,32.1,47.5,7.2
6090,Mont-Noble,43.0,3.5,31.8,42.1,22.6
6101,Agarn,7.7,4.4,17.0,33.3,45.2
6102,Albinen,15.5,3.3,46.3,39.3,11.0
6104,Ergisch,30.1,1.0,21.0,39.5,38.6
6109,Inden,9.9,2.7,8.5,29.5,59.3
6110,Leuk,55.3,6.2,21.6,44.8,27.5
6111,Leukerbad,67.2,1.4,14.2,8.9,75.6
6112,Oberems,50.2,0.7,19.6,20.0,59.7
6113,Salgesch,11.4,9.7,21.3,50.4,18.7
6116,Varen,12.8,4.0,31.8,34.1,30.1
6117,Guttet-Feschel,10.5,3.5,36.9,27.8,31.8
6118,Gampel-Bratsch,23.1,4.1,28.9,39.4,27.7
6119,Turtmann-Unterems,42.3,3.1,14.2,12.4,70.2
6131,Bovernier,12.9,4.0,6.1,72.8,17.1
6132,Charrat,7.6,13.8,43.7,39.7,2.8
6133,Fully,37.8,6.6,29.5,28.9,35.1
6134,Isérables,15.3,3.5,20.0,52.3,24.2
6135,Leytron,26.9,6.2,27.0,30.1,36.7
6136,Martigny,24.9,24.9,30.0,38.8,6.3
6137,Martigny-Combe,37.7,3.6,13.3,64.9,18.3
6139,Riddes,23.9,10.3,31.5,37.8,20.4
6140,Saillon,13.7,8.2,37.8,20.5,33.5
6141,Saxon,23.2,10.8,30.5,52.0,6.7
6142,Trient,39.5,0.9,10.2,33.9,55.0
6151,Champéry,39.0,4.0,31.0,35.7,29.3
6152,Collombey-Muraz,29.8,12.5,37.6,40.2,9.7
6153,Monthey,28.6,19.1,27.5,45.2,8.2
6154,Port-Valais,14.3,11.9,23.5,53.6,11.0
6155,Saint-Gingolph,14.4,4.6,11.2,61.0,23.2
6156,Troistorrents,37.0,7.4,36.6,51.8,4.2
6157,Val-d'Illiez,39.3,4.1,38.3,36.7,20.8
6158,Vionnaz,21.0,7.1,30.2,54.7,8.1
6159,Vouvry,33.5,5.9,36.2,38.5,19.4
6172,Bister,5.8,1.2,16.0,42.7,40.1
6173,Bitsch,4.1,11.5,18.9,50.6,18.9
6177,Grengiols,58.5,0.9,19.6,27.9,51.5
6181,Riederalp,21.0,4.0,24.1,46.4,25.6
6191,Ausserberg,14.9,3.0,20.6,45.8,30.7
6192,Blatten,90.7,0.4,8.2,8.9,82.5
6193,Bürchen,13.4,5.3,24.6,57.3,12.8
6194,Eischoll,13.8,2.5,25.7,47.6,24.1
6195,Ferden,27.9,0.8,17.7,19.3,62.3
6197,Kippel,11.7,1.7,23.4,35.3,39.6
6198,Niedergesteln,17.5,3.8,10.8,28.8,56.6
6199,Raron,30.3,6.7,12.4,20.1,60.8
6201,Unterbäch,22.0,1.9,25.9,29.7,42.6
6202,Wiler (Lötschen),14.7,2.5,19.3,23.1,55.1
6203,Mörel-Filet,8.4,6.2,16.9,53.4,23.5
6204,Steg-Hohtenn,14.2,12.0,8.6,39.5,40.0
6205,Bettmeralp,29.4,1.4,17.0,15.9,65.7
6211,Collonges,12.2,4.4,16.8,52.6,26.1
6212,Dorénaz,12.5,4.6,22.6,62.0,10.8
6213,Evionnaz,48.0,2.2,11.0,19.3,67.5
6214,Finhaut,22.8,2.6,2.7,30.5,64.1
6215,Massongex,6.6,15.2,33.8,47.3,3.6
6217,Saint-Maurice,15.0,16.6,16.9,45.6,20.9
6218,Salvan,53.5,1.9,6.1,28.5,63.6
6219,Vernayaz,5.7,18.6,12.4,56.1,12.9
6220,Vérossaz,14.3,2.7,24.9,47.4,24.9
6232,Chalais,24.5,8.5,19.0,67.7,4.8
6234,Chermignon,5.4,28.7,39.0,30.6,1.7
6235,Chippis,2.0,24.0,5.5,58.5,12.0
6238,Grône,21.1,7.8,19.3,64.3,8.7
6239,Icogne,25.0,2.4,14.4,30.8,52.3
6240,Lens,13.9,19.8,36.6,39.6,4.0
6241,Miège,2.5,16.9,44.5,36.6,2.0
6242,Mollens (VS),32.5,3.1,26.4,32.1,38.4
6243,Montana,4.9,28.5,25.6,42.3,3.7
6244,Randogne,16.8,12.2,26.3,31.1,30.4
6246,Saint-Léonard,3.9,28.8,47.4,15.5,8.3
6248,Sierre,19.2,34.3,34.4,21.3,9.9
6249,Venthône,2.5,31.1,44.1,24.8,0.0
6250,Veyras,1.5,33.1,55.2,9.0,2.8
6252,Anniviers,243.1,1.8,22.8,20.3,55.2
6261,Arbaz,19.3,5.1,22.0,25.1,47.8
6263,Grimisuat,4.5,27.6,47.2,22.2,2.9
6265,Savièse,71.0,4.7,21.2,15.8,58.2
6266,Sion,29.7,38.4,38.9,15.5,7.2
6267,Veysonnaz,1.1,26.1,28.8,44.1,0.9
6281,Baltschieder,31.4,1.1,8.8,3.4,86.7
6282,Eisten,38.0,0.8,8.5,27.5,63.2
6283,Embd,13.4,2.0,21.2,16.1,60.7
6285,Grächen,14.3,6.7,12.8,54.6,25.9
6286,Lalden,1.3,27.8,38.9,16.7,16.7
6287,Randa,54.4,1.0,6.7,10.9,81.4
6288,Saas-Almagell,110.3,0.5,6.2,4.7,88.6
6289,Saas-Balen,30.2,1.3,9.2,25.0,64.5
6290,Saas-Fee,40.6,1.9,4.8,10.2,83.1
6291,Saas-Grund,24.6,2.0,9.1,14.4,74.5
6292,St. Niklaus,89.3,1.7,8.3,22.2,67.7
6293,Stalden (VS),10.5,5.7,11.2,72.2,10.9
6294,Staldenried,14.3,2.8,20.1,45.7,31.4
6295,Täsch,58.7,1.0,10.6,10.3,78.0
6296,Törbel,17.6,2.6,29.8,39.1,28.5
6297,Visp,13.2,22.6,15.4,58.5,3.5
6298,Visperterminen,51.6,1.9,27.4,34.9,35.8
6299,Zeneggen,7.5,4.7,22.0,68.0,5.3
6300,Zermatt,242.7,0.8,9.4,4.6,85.2
6402,Bevaix,10.8,18.2,34.0,47.0,0.7
6404,Boudry,16.7,12.0,23.1,63.5,1.4
6405,Brot-Dessous,5.0,7.1,12.5,79.0,1.4
6407,Corcelles-Cormondrèche,4.9,26.3,30.7,42.8,0.2
6408,Cortaillod,3.7,40.4,47.3,11.5,0.8
6409,Fresens,1.6,9.4,83.0,7.5,0.0
6410,Gorgier,14.0,8.3,33.3,56.2,2.2
6411,Montalchez,6.4,4.2,58.0,37.6,0.2
6412,Peseux,3.5,27.0,2.9,70.1,0.0
6413,Rochefort,20.9,5.0,32.4,62.5,0.1
6414,Saint-Aubin-Sauges,7.7,13.5,47.9,38.4,0.3
6415,Vaumarcus,1.8,16.9,59.0,23.6,0.6
6416,Milvignes,8.8,38.5,37.1,23.5,0.9
6421,La Chaux-de-Fonds,55.7,16.7,54.7,27.9,0.7
6422,Les Planchettes,11.7,3.0,37.5,56.8,2.7
6423,La Sagne,25.6,3.1,59.7,36.9,0.2
6431,Les Brenets,11.6,6.2,40.9,48.8,4.1
6432,La Brévine,42.0,2.3,53.4,42.3,2.0
6433,Brot-Plamboz,16.1,2.7,67.7,28.3,1.2
6434,Le Cerneux-Péquignot,15.7,2.9,55.0,40.5,1.6
6435,La Chaux-du-Milieu,17.3,2.5,49.1,48.3,0.2
6436,Le Locle,23.1,16.0,53.8,30.0,0.2
6437,Les Ponts-de-Martel,18.3,4.7,59.2,30.5,5.7
6451,Cornaux,4.7,31.1,45.8,22.2,0.8
6452,Cressier (NE),8.6,15.9,27.9,54.3,1.9
6453,Enges,9.5,2.2,45.9,51.9,0.0
6454,Hauterive (NE),2.2,29.6,11.6,58.8,0.0
6455,Le Landeron,10.3,15.2,39.7,43.5,1.7
6456,Lignières,12.5,7.3,60.9,31.8,0.0
6458,Neuchâtel,18.1,35.6,10.2,54.0,0.3
6459,Saint-Blaise,8.9,20.8,26.0,52.4,0.8
6461,La Tène,5.4,36.8,48.7,8.3,6.3
6485,Valangin,3.7,9.2,40.0,50.5,0.3
6487,Val-de-Ruz,124.4,6.4,54.4,38.9,0.3
6504,La Côte-aux-Fées,12.9,3.0,55.6,41.0,0.4
6511,Les Verrières,28.8,3.3,45.8,50.5,0.4
6512,Val-de-Travers,124.7,6.0,42.4,50.7,0.8
6601,Aire-la-Ville,2.9,20.1,42.0,23.3,14.6
6602,Anières,3.8,31.3,63.7,4.7,0.3
6603,Avully,4.6,14.7,63.8,14.9,6.7
6604,Avusy,5.2,21.8,68.6,8.9,0.8
6605,Bardonnex,5.0,23.5,73.2,3.4,0.0
6606,Bellevue,4.4,42.8,40.1,15.7,1.4
6607,Bernex,13.0,21.3,58.9,16.5,3.3
6608,Carouge (GE),2.7,84.9,4.9,8.7,1.5
6609,Cartigny,4.4,11.3,55.1,29.0,4.5
6610,Céligny,4.7,16.0,64.5,19.4,0.2
6611,Chancy,5.4,11.0,52.1,32.6,4.3
6612,Chêne-Bougeries,4.1,83.1,10.1,5.8,1.0
6613,Chêne-Bourg,1.3,88.2,8.7,3.1,0.0
6614,Choulex,3.9,15.1,73.8,9.5,1.5
6615,Collex-Bossy,6.9,10.2,64.4,24.9,0.4
6616,Collonge-Bellerive,6.1,58.4,37.0,4.1,0.5
6617,Cologny,3.7,78.0,17.6,4.1,0.3
6618,Confignon,2.8,43.3,47.3,8.4,1.1
6619,Corsier (GE),2.8,33.5,61.2,4.0,1.4
6620,Dardagny,8.6,9.4,61.4,26.0,3.3
6621,Genève,15.9,92.1,1.5,3.1,3.2
6622,Genthod,2.8,54.8,37.0,8.2,0.0
6623,Le Grand-Saconnex,4.4,83.8,14.2,2.1,0.0
6624,Gy,3.2,8.1,59.2,30.8,1.9
6625,Hermance,1.5,28.8,56.8,13.0,1.4
6626,Jussy,11.4,8.1,55.0,36.7,0.2
6627,Laconnex,3.8,10.4,79.9,8.9,0.8
6628,Lancy,4.8,88.0,5.2,6.4,0.4
6629,Meinier,7.0,14.8,80.3,3.3,1.6
6630,Meyrin,9.9,59.1,35.6,4.3,0.9
6631,Onex,2.8,77.4,6.0,13.1,3.5
6632,Perly-Certoux,2.6,26.7,69.8,3.1,0.4
6633,Plan-les-Ouates,5.8,51.5,44.4,3.6,0.5
6634,Pregny-Chambésy,3.3,70.5,15.4,13.2,0.9
6635,Presinge,4.7,12.9,67.8,18.6,0.6
6636,Puplinge,2.6,20.8,74.6,4.5,0.0
6637,Russin,5.0,13.5,53.1,21.0,12.3
6638,Satigny,18.9,19.5,59.5,18.6,2.5
6639,Soral,2.9,12.6,83.3,4.1,0.0
6640,Thônex,3.8,71.5,22.7,4.4,1.3
6641,Troinex,3.4,26.2,66.6,7.3,0.0
6642,Vandoeuvres,4.4,55.1,39.0,5.9,0.0
6643,Vernier,7.7,72.7,13.2,9.7,4.4
6644,Versoix,10.6,32.2,29.0,37.9,0.9
6645,Veyrier,6.5,50.4,33.2,13.8,2.6
6702,Boécourt,12.3,8.6,49.5,41.3,0.6
6703,Bourrignon,13.6,2.4,65.3,32.1,0.1
6704,Châtillon (JU),5.3,5.3,42.7,51.8,0.2
6705,Corban,7.9,4.4,62.2,33.0,0.4
6706,Courchapoix,6.4,3.0,52.0,44.7,0.3
6708,Courrendlin,11.0,15.1,43.4,39.9,1.5
6709,Courroux,19.7,7.5,53.3,38.4,0.8
6710,Courtételle,13.6,8.2,55.6,35.9,0.4
6711,Delémont,22.0,20.1,37.0,42.0,0.9
6712,Develier,12.5,8.9,47.4,43.3,0.4
6713,Ederswiler,3.3,4.2,54.8,41.0,0.0
6715,Mervelier,9.8,3.6,44.0,52.0,0.4
6716,Mettembert,2.4,7.6,39.4,52.5,0.4
6718,Movelier,8.0,4.6,45.9,49.5,0.0
6719,Pleigne,17.8,3.0,47.2,49.2,0.6
6720,Rebeuvelier,8.4,3.1,47.9,49.0,0.0
6721,Rossemaison,1.9,16.0,66.0,18.0,0.0
6722,Saulcy,7.9,3.3,46.4,50.3,0.0
6724,Soyhières,7.5,7.4,29.9,61.6,1.1
6728,Vellerat,2.0,3.4,26.0,70.6,0.0
6729,Haute-Sorne,71.1,7.2,35.9,56.4,0.5
6730,Val Terbi,38.9,4.9,43.5,51.1,0.6
6741,Le Bémont (JU),11.6,4.3,68.3,26.2,1.2
6742,Les Bois,24.7,5.5,56.6,37.5,0.4
6743,Les Breuleux,10.8,7.7,62.1,30.1,0.1
6744,La Chaux-des-Breuleux,4.1,3.4,70.3,23.1,3.2
6745,Les Enfers,7.1,2.7,48.8,48.1,0.4
6748,Les Genevez (JU),13.6,3.6,53.8,41.5,1.1
6750,Lajoux (JU),12.4,4.6,62.7,32.2,0.5
6751,Montfaucon,18.3,3.9,65.4,30.1,0.6
6753,Muriaux,16.9,3.2,60.5,36.1,0.2
6754,Le Noirmont,20.4,6.1,50.6,42.6,0.7
6757,Saignelégier,31.8,5.4,42.3,50.6,1.7
6758,Saint-Brais,15.1,3.6,49.8,45.1,1.5
6759,Soubey,13.5,2.2,38.5,56.7,2.6
6771,Alle,10.6,12.9,64.1,22.2,0.8
6773,Beurnevésin,5.1,5.1,55.5,38.6,0.8
6774,Boncourt,9.0,20.1,41.5,37.9,0.6
6775,Bonfol,13.6,6.9,47.2,43.9,2.0
6778,Bure,13.7,13.3,44.5,27.9,14.4
6781,Coeuve,11.6,5.0,57.1,37.7,0.3
6782,Cornol,10.5,7.4,57.6,33.5,1.4
6783,Courchavon,6.3,7.5,30.1,59.8,2.6
6784,Courgenay,18.4,9.3,48.4,42.1,0.2
6785,Courtedoux,8.2,9.8,52.4,37.8,0.0
6787,Damphreux,5.7,5.1,62.4,31.4,1.1
6789,Fahy,7.8,8.6,53.0,25.6,12.9
6790,Fontenais,20.0,5.9,45.4,48.3,0.3
6792,Grandfontaine,8.9,6.7,64.7,28.4,0.2
6793,Lugnez,5.1,6.1,59.3,34.4,0.2
6800,Porrentruy,14.8,24.6,34.4,40.0,1.0
6803,Rocourt,4.5,4.7,59.5,35.9,0.0
6806,Vendlincourt,9.2,6.4,55.8,37.6,0.2
6807,Basse-Allaine,23.0,7.4,44.1,47.6,0.9
6808,Clos du Doubs,61.8,3.6,42.9,52.1,1.4
6809,Haute-Ajoie,36.5,4.0,55.9,40.1,0.0
6810,La Baroche,31.1,5.0,49.0,45.6,0.5
